"Symbol","Name","LastSale","MarketCap","IPOyear","Sector","industry","Summary Quote",
"FAX","Aberdeen Asia-Pacific Income Fund Inc","7.01","1829441760","1986","n/a","n/a","http://quotes.nasdaq.com/asp/SummaryQuote.asp?symbol=FAX&selected=FAX",
"IAF","Aberdeen Australia Equity Fund Inc","12.17","233749190","1985","n/a","n/a","http://quotes.nasdaq.com/asp/SummaryQuote.asp?symbol=IAF&selected=IAF",
"CH","Aberdeen Chile Fund, Inc.","21.58","219403860","n/a","n/a","n/a","http://quotes.nasdaq.com/asp/SummaryQuote.asp?symbol=CH&selected=CH",
"ETF","Aberdeen Emerging Markets Telecommunications and Infrastructur","18.8388","155344744.8","1992","n/a","n/a","http://quotes.nasdaq.com/asp/SummaryQuote.asp?symbol=ETF&selected=ETF",
"FCO","Aberdeen Global Income Fund, Inc.","13.1","117782100","1992","n/a","n/a","http://quotes.nasdaq.com/asp/SummaryQuote.asp?symbol=FCO&selected=FCO",
"IF","Aberdeen Indonesia Fund, Inc.","12.82","106021400","1990","n/a","n/a","http://quotes.nasdaq.com/asp/SummaryQuote.asp?symbol=IF&selected=IF",
"ISL","Aberdeen Israel Fund, Inc.","17.932","76605504","1992","n/a","n/a","http://quotes.nasdaq.com/asp/SummaryQuote.asp?symbol=ISL&selected=ISL",
"AXK","Accelr8 Technology Corporation","3.56","38294920","n/a","Capital Goods","Biotechnology: Laboratory Analytical Instruments","http://quotes.nasdaq.com/asp/SummaryQuote.asp?symbol=AXK&selected=AXK",
"ACU","Acme United Corporation.","9.29","28520300","1988","Capital Goods","Industrial Machinery/Components","http://quotes.nasdaq.com/asp/SummaryQuote.asp?symbol=ACU&selected=ACU",
"AE","Adams Resources & Energy, Inc.","28.85","121689300","n/a","Energy","Oil Refining/Marketing","http://quotes.nasdaq.com/asp/SummaryQuote.asp?symbol=AE&selected=AE",
"ADK","Adcare Health Systems Inc","4.76","39741240","n/a","Health Care","Hospital/Nursing Management","http://quotes.nasdaq.com/asp/SummaryQuote.asp?symbol=ADK&selected=ADK",
"ADK/WS","Adcare Health Systems Inc","2.3","0","n/a","n/a","n/a","http://quotes.nasdaq.com/asp/SummaryQuote.asp?symbol=ADK/WS&selected=ADK/WS",
"AEN","Adeona Pharmaceuticals, Inc.","1.22","32072580","1983","Consumer Durables","Major Pharmaceuticals","http://quotes.nasdaq.com/asp/SummaryQuote.asp?symbol=AEN&selected=AEN",
"API","Advanced Photonix, Inc.","1.65","48095850","n/a","Technology","Semiconductors","http://quotes.nasdaq.com/asp/SummaryQuote.asp?symbol=API&selected=API",
"ANX","ADVENTRX Pharmaceuticals, Inc.","2.2","52063000","n/a","Consumer Durables","Major Pharmaceuticals","http://quotes.nasdaq.com/asp/SummaryQuote.asp?symbol=ANX&selected=ANX",
"ACY","AeroCentury Corp.","11.9","18361700","n/a","Technology","Diversified Commercial Services","http://quotes.nasdaq.com/asp/SummaryQuote.asp?symbol=ACY&selected=ACY",
"AIM","Aerosonic Corporation","2.85","10681800","n/a","Capital Goods","Industrial Machinery/Components","http://quotes.nasdaq.com/asp/SummaryQuote.asp?symbol=AIM&selected=AIM",
"AA^","Alcoa Inc.","73.5","48510000","n/a","Capital Goods","Metal Fabrications","http://quotes.nasdaq.com/asp/SummaryQuote.asp?symbol=AA^&selected=AA^",
"AXU","Alexco Resource Corp","9.64","512741960","n/a","Basic Industries","Precious Metals","http://quotes.nasdaq.com/asp/SummaryQuote.asp?symbol=AXU&selected=AXU",
"ANV","Allied Nevada Gold Corp","39.11","3480790000","n/a","Basic Industries","Precious Metals","http://quotes.nasdaq.com/asp/SummaryQuote.asp?symbol=ANV&selected=ANV",
"AAU","Almaden Minerals, Ltd.","4.53","253122810","n/a","Basic Industries","Precious Metals","http://quotes.nasdaq.com/asp/SummaryQuote.asp?symbol=AAU&selected=AAU",
"APT","Alpha Pro Tech, Ltd.","1.31","29393780","n/a","Health Care","Industrial Specialties","http://quotes.nasdaq.com/asp/SummaryQuote.asp?symbol=APT&selected=APT",
"DIT","AMCON Distributing Company","77.25","45577500","n/a","Consumer Non-Durables","Food Distributors","http://quotes.nasdaq.com/asp/SummaryQuote.asp?symbol=DIT&selected=DIT",
"RPC","AMDL INC","0.38","13969180","1990","Consumer Durables","Major Pharmaceuticals","http://quotes.nasdaq.com/asp/SummaryQuote.asp?symbol=RPC&selected=RPC",
"APP","American Apparel Inc","0.9525","74052112.5","1994","Finance","Business Services","http://quotes.nasdaq.com/asp/SummaryQuote.asp?symbol=APP&selected=APP",
"ABL","American Biltrite Inc.","11","37851000","n/a","Consumer Non-Durables","Plastic Products","http://quotes.nasdaq.com/asp/SummaryQuote.asp?symbol=ABL&selected=ABL",
"EAG","American Defense Systems, Inc","0.15","7795800","n/a","Capital Goods","Industrial Specialties","http://quotes.nasdaq.com/asp/SummaryQuote.asp?symbol=EAG&selected=EAG",
"ADGE","American DG Energy Inc.","2.15","98035700","n/a","Energy","Electric Utilities: Central","http://quotes.nasdaq.com/asp/SummaryQuote.asp?symbol=ADGE&selected=ADGE",
"AIP","American Israeli Paper Mills, Ltd.","75.79","385392150","n/a","Basic Industries","Paper","http://quotes.nasdaq.com/asp/SummaryQuote.asp?symbol=AIP&selected=AIP",
"ALN","American Lorain Corporation","2.01","69184200","n/a","Consumer Non-Durables","Packaged Foods","http://quotes.nasdaq.com/asp/SummaryQuote.asp?symbol=ALN&selected=ALN",
"AMS","American Shared Hospital Services","3.42","15721740","n/a","Health Care","Medical Specialities","http://quotes.nasdaq.com/asp/SummaryQuote.asp?symbol=AMS&selected=AMS",
"AQQ","American Spectrum Realty, Inc.","18.71","55493860","n/a","Consumer Services","Real Estate Investment Trusts","http://quotes.nasdaq.com/asp/SummaryQuote.asp?symbol=AQQ&selected=AQQ",
"ANO","Anooraq Resources Corporation","1.01","203831130","n/a","Basic Industries","Precious Metals","http://quotes.nasdaq.com/asp/SummaryQuote.asp?symbol=ANO&selected=ANO",
"AIS","Antares Pharma, Inc.","1.63","142743990","n/a","Health Care","Medical/Dental Instruments","http://quotes.nasdaq.com/asp/SummaryQuote.asp?symbol=AIS&selected=AIS",
"BRD","Apollo Gold Corporation","1.58","288231500","n/a","Basic Industries","Precious Metals","http://quotes.nasdaq.com/asp/SummaryQuote.asp?symbol=BRD&selected=BRD",
"KAD","Arcadia Resources, Inc.","0.145","27998630","n/a","Consumer Services","Other Consumer Services","http://quotes.nasdaq.com/asp/SummaryQuote.asp?symbol=KAD&selected=KAD",
"AGX","Argan, Inc.","8.69","118149240","n/a","Basic Industries","Engineering & Construction","http://quotes.nasdaq.com/asp/SummaryQuote.asp?symbol=AGX&selected=AGX",
"ARR/WS","Armour Residential R","0.05","0","n/a","n/a","n/a","http://quotes.nasdaq.com/asp/SummaryQuote.asp?symbol=ARR/WS&selected=ARR/WS",
"HRT","Arrhythmia Research Technology Inc.","5.75","16048250","n/a","Health Care","Biotechnology: Electromedical & Electrotherapeutic Apparatus","http://quotes.nasdaq.com/asp/SummaryQuote.asp?symbol=HRT&selected=HRT",
"ATSC","ATS Corporation","4.43","100977420","n/a","Consumer Services","Professional Services","http://quotes.nasdaq.com/asp/SummaryQuote.asp?symbol=ATSC&selected=ATSC",
"AZC","Augusta Resource Corporation","4.84","656284640","n/a","Basic Industries","Precious Metals","http://quotes.nasdaq.com/asp/SummaryQuote.asp?symbol=AZC&selected=AZC",
"AZK","Aurizon Mines, Ltd.","6.78","1078081020","n/a","Basic Industries","Precious Metals","http://quotes.nasdaq.com/asp/SummaryQuote.asp?symbol=AZK&selected=AZK",
"AWX","Avalon Holdings Corporation","2.9","9253900","n/a","Public Utilities","Environmental Services","http://quotes.nasdaq.com/asp/SummaryQuote.asp?symbol=AWX&selected=AWX",
"AVL","Avalon Rare Metals, Inc.","9.45","747532800","1980","n/a","n/a","http://quotes.nasdaq.com/asp/SummaryQuote.asp?symbol=AVL&selected=AVL",
"BHO","B+H Ocean Carriers Ltd.","3.95","21942250","1988","Consumer Services","Marine Transportation","http://quotes.nasdaq.com/asp/SummaryQuote.asp?symbol=BHO&selected=BHO",
"BONE","Bacterin International Holdings, Inc.","3.2","120508800","n/a","Health Care","Biotechnology: Biological Products (No Diagnostic Substances)","http://quotes.nasdaq.com/asp/SummaryQuote.asp?symbol=BONE&selected=BONE",
"BKR","Baker (Michael) Corporation","26.11","240812530","n/a","Consumer Services","Other Consumer Services","http://quotes.nasdaq.com/asp/SummaryQuote.asp?symbol=BKR&selected=BKR",
"BLD","Baldwin Technology Company, Inc.","1.78","25884760","1987","Capital Goods","Industrial Machinery/Components","http://quotes.nasdaq.com/asp/SummaryQuote.asp?symbol=BLD&selected=BLD",
"BTN","Ballantyne Strong, Inc","6.85","98187900","1995","Miscellaneous","Industrial Machinery/Components","http://quotes.nasdaq.com/asp/SummaryQuote.asp?symbol=BTN&selected=BTN",
"BKJ","Bancorp of New Jersey, Inc","9.92","51653440","n/a","Finance","Major Banks","http://quotes.nasdaq.com/asp/SummaryQuote.asp?symbol=BKJ&selected=BKJ",
"BCV","Bancroft Convertible Fund, Inc.","17.52","91734720","n/a","n/a","n/a","http://quotes.nasdaq.com/asp/SummaryQuote.asp?symbol=BCV&selected=BCV",
"BNX","Banks.com, Inc","0.1861","4803985.4","n/a","Technology","Computer Software: Programming, Data Processing","http://quotes.nasdaq.com/asp/SummaryQuote.asp?symbol=BNX&selected=BNX",
"BAA","BANRO CORPORATION","2.83","489765460","n/a","Basic Industries","Precious Metals","http://quotes.nasdaq.com/asp/SummaryQuote.asp?symbol=BAA&selected=BAA",
"BAA/WS","BANRO CORPORATION","0.75","4500000","n/a","n/a","n/a","http://quotes.nasdaq.com/asp/SummaryQuote.asp?symbol=BAA/WS&selected=BAA/WS",
"BHB","Bar Harbor Bankshares, Inc.","29.25","112378500","n/a","Finance","Major Banks","http://quotes.nasdaq.com/asp/SummaryQuote.asp?symbol=BHB&selected=BHB",
"BRN","Barnwell Industries, Inc.","6.87","56862990","n/a","Energy","Oil & Gas Production","http://quotes.nasdaq.com/asp/SummaryQuote.asp?symbol=BRN&selected=BRN",
"BIR^A","Berkshire Income Realty, Inc.","26","77428000","n/a","n/a","n/a","http://quotes.nasdaq.com/asp/SummaryQuote.asp?symbol=BIR^A&selected=BIR^A",
"BTX","BioTime, Inc.","7.63","368963910","n/a","Health Care","Biotechnology: Biological Products (No Diagnostic Substances)","http://quotes.nasdaq.com/asp/SummaryQuote.asp?symbol=BTX&selected=BTX",
"BMJ","Birks & Mayors Inc.","1.43","5250960","n/a","Consumer Services","Consumer Specialties","http://quotes.nasdaq.com/asp/SummaryQuote.asp?symbol=BMJ&selected=BMJ",
"RFA","BlackRock Florida Investment Quality Municipal Trust Inc. (The","11","12397000","1993","n/a","n/a","http://quotes.nasdaq.com/asp/SummaryQuote.asp?symbol=RFA&selected=RFA",
"BZM","BlackRock Maryland Municipal Bond Trust","15.23","31145350","2002","n/a","n/a","http://quotes.nasdaq.com/asp/SummaryQuote.asp?symbol=BZM&selected=BZM",
"BLE","BlackRock Municipal Income Trust II","13.05","302068350","1992","n/a","n/a","http://quotes.nasdaq.com/asp/SummaryQuote.asp?symbol=BLE&selected=BLE",
"RNJ","BlackRock New Jersey Investment Quality Municipal Trust Inc.","11.25","11385000","1993","n/a","n/a","http://quotes.nasdaq.com/asp/SummaryQuote.asp?symbol=RNJ&selected=RNJ",
"BLJ","Blackrock New Jersey Municipal Bond Trust","13.0495","30079097.5","2002","n/a","n/a","http://quotes.nasdaq.com/asp/SummaryQuote.asp?symbol=BLJ&selected=BLJ",
"RNY","BlackRock New York Investment Quality Municipal Trust Inc. (Th","13.02","17082240","1993","n/a","n/a","http://quotes.nasdaq.com/asp/SummaryQuote.asp?symbol=RNY&selected=RNY",
"BFY","BlackRock New York Municipal Income Trust II","13.6575","67481707.5","2002","n/a","n/a","http://quotes.nasdaq.com/asp/SummaryQuote.asp?symbol=BFY&selected=BFY",
"BPS","BlackRock Pennsylvania Strategic Municipal Trust (The)","12.76","25813480","1994","n/a","n/a","http://quotes.nasdaq.com/asp/SummaryQuote.asp?symbol=BPS&selected=BPS",
"BHV","BlackRock Virginia Municipal Bond Trust","16.68","25970760","2002","n/a","n/a","http://quotes.nasdaq.com/asp/SummaryQuote.asp?symbol=BHV&selected=BHV",
"BDR","Blonder Tongue Laboratories, Inc.","2.233","13864697","1995","Technology","Radio And Television Broadcasting And Communications Equipment","http://quotes.nasdaq.com/asp/SummaryQuote.asp?symbol=BDR&selected=BDR",
"KAZ","BMB Munai, Inc.","0.93","51882840","n/a","Energy","Oil & Gas Production","http://quotes.nasdaq.com/asp/SummaryQuote.asp?symbol=KAZ&selected=KAZ",
"BVX","Bovie Medical Corporation","3.21","56852310","n/a","Health Care","Medical/Dental Instruments","http://quotes.nasdaq.com/asp/SummaryQuote.asp?symbol=BVX&selected=BVX",
"BWL/A","Bowl America, Inc.","12.5","45987500","n/a","Consumer Services","Services-Misc. Amusement & Recreation","http://quotes.nasdaq.com/asp/SummaryQuote.asp?symbol=BWL/A&selected=BWL/A",
"BZC","Breeze-Eastern Corporation","8.56","80712240","n/a","Capital Goods","Military/Government/Technical","http://quotes.nasdaq.com/asp/SummaryQuote.asp?symbol=BZC&selected=BZC",
"BTI","British American Tobacco  Industries, p.l.c.","84.34","2410099840","n/a","Consumer Non-Durables","Farming/Seeds/Milling","http://quotes.nasdaq.com/asp/SummaryQuote.asp?symbol=BTI&selected=BTI",
"CGL/A","Cagle's, Inc.","6.4001","29542861.6","n/a","Consumer Non-Durables","Meat/Poultry/Fish","http://quotes.nasdaq.com/asp/SummaryQuote.asp?symbol=CGL/A&selected=CGL/A",
"CAK","CAMAC Energy Inc.","1.83","281406420","n/a","Energy","Oil & Gas Production","http://quotes.nasdaq.com/asp/SummaryQuote.asp?symbol=CAK&selected=CAK",
"CFW","Cano Petroleum, Inc.","0.5091","23090230.5","n/a","Energy","Oil & Gas Production","http://quotes.nasdaq.com/asp/SummaryQuote.asp?symbol=CFW&selected=CFW",
"CPD","Caraco Pharmaceutical Laboratories, Ltd.","5.23","210136170","1994","Consumer Durables","Major Pharmaceuticals","http://quotes.nasdaq.com/asp/SummaryQuote.asp?symbol=CPD&selected=CPD",
"CDY","Cardero Resource Corporation","1.89","110916540","n/a","Basic Industries","Precious Metals","http://quotes.nasdaq.com/asp/SummaryQuote.asp?symbol=CDY&selected=CDY",
"CXM","Cardium Therapeutics, Inc.","0.3611","28370543.7","n/a","Health Care","Biotechnology: Biological Products (No Diagnostic Substances)","http://quotes.nasdaq.com/asp/SummaryQuote.asp?symbol=CXM&selected=CXM",
"ROX","Castle Brands, Inc.","0.31","33232620","2006","Consumer Non-Durables","Beverages (Production/Distribution)","http://quotes.nasdaq.com/asp/SummaryQuote.asp?symbol=ROX&selected=ROX",
"CAW","CCA Industries, Inc.","5.9301","36096518.7","n/a","Consumer Non-Durables","Package Goods/Cosmetics","http://quotes.nasdaq.com/asp/SummaryQuote.asp?symbol=CAW&selected=CAW",
"CVM","Cel-Sci Corporation","0.7","144960900","n/a","Health Care","Biotechnology: Biological Products (No Diagnostic Substances)","http://quotes.nasdaq.com/asp/SummaryQuote.asp?symbol=CVM&selected=CVM",
"CEF","Central Fund of Canada Limited","23.28","5547228240","n/a","n/a","n/a","http://quotes.nasdaq.com/asp/SummaryQuote.asp?symbol=CEF&selected=CEF",
"GTU","Central Gold Trust","55.67","607805060","n/a","n/a","n/a","http://quotes.nasdaq.com/asp/SummaryQuote.asp?symbol=GTU&selected=GTU",
"CET","Central Securities Corporation","23.36","520507520","n/a","n/a","n/a","http://quotes.nasdaq.com/asp/SummaryQuote.asp?symbol=CET&selected=CET",
"CCF","Chase Corporation","16.35","146463300","n/a","Consumer Durables","Building Products","http://quotes.nasdaq.com/asp/SummaryQuote.asp?symbol=CCF&selected=CCF",
"CQP","Cheniere Energy Partners, LP","18.19","480597990","2007","Public Utilities","Oil/Gas Transmission","http://quotes.nasdaq.com/asp/SummaryQuote.asp?symbol=CQP&selected=CQP",
"LNG","Cheniere Energy, Inc.","8.39","585319960","n/a","Energy","Oil & Gas Production","http://quotes.nasdaq.com/asp/SummaryQuote.asp?symbol=LNG&selected=LNG",
"CVR","Chicago Rivet & Machine Co.","18","17388000","n/a","Technology","Industrial Machinery/Components","http://quotes.nasdaq.com/asp/SummaryQuote.asp?symbol=CVR&selected=CVR",
"AXN","China Aoxing Pharmaceutical Company, Inc.","1.95","90678900","n/a","Consumer Durables","Major Pharmaceuticals","http://quotes.nasdaq.com/asp/SummaryQuote.asp?symbol=AXN&selected=AXN",
"CNAM","China Armco Metals, Inc.","2.06","31169860","n/a","Consumer Durables","Steel/Iron Ore","http://quotes.nasdaq.com/asp/SummaryQuote.asp?symbol=CNAM&selected=CNAM",
"CBP","China Botanic Pharmaceutical Inc.","1.5132","56351568","n/a","Consumer Durables","Major Pharmaceuticals","http://quotes.nasdaq.com/asp/SummaryQuote.asp?symbol=CBP&selected=CBP",
"CDM","China Century Dragon Media, Inc.","4.8","0","n/a","Consumer Services","Advertising","http://quotes.nasdaq.com/asp/SummaryQuote.asp?symbol=CDM&selected=CDM",
"CHGS","China GengSheng Minerals, Inc.","3.03","81185820","n/a","Consumer Durables","Miscellaneous manufacturing industries","http://quotes.nasdaq.com/asp/SummaryQuote.asp?symbol=CHGS&selected=CHGS",
"CIL","China Intelligent Lighting and Electronics, Inc.","2.12","29010080","1999","Consumer Durables","Building Products","http://quotes.nasdaq.com/asp/SummaryQuote.asp?symbol=CIL&selected=CIL",
"CMFO","China Marine Food Group Limited","3.52","102002560","n/a","Consumer Non-Durables","Packaged Foods","http://quotes.nasdaq.com/asp/SummaryQuote.asp?symbol=CMFO&selected=CMFO",
"CNR","China Metro-Rural Holdings Limited","4.15","266122900","n/a","Finance","Real Estate","http://quotes.nasdaq.com/asp/SummaryQuote.asp?symbol=CNR&selected=CNR",
"NEP","China North East Petroleum Holdings Limited","4.27","126413350","2004","Energy","Oil & Gas Production","http://quotes.nasdaq.com/asp/SummaryQuote.asp?symbol=NEP&selected=NEP",
"CNGL","China Nutrifruit Group Limited","2.55","93827250","1997","Consumer Non-Durables","Packaged Foods","http://quotes.nasdaq.com/asp/SummaryQuote.asp?symbol=CNGL&selected=CNGL",
"CPHI","China Pharma Holdings, Inc.","2.51","108946550","n/a","Consumer Durables","Major Pharmaceuticals","http://quotes.nasdaq.com/asp/SummaryQuote.asp?symbol=CPHI&selected=CPHI",
"SHZ","China Shen Zhou Mining & Resources, Inc.","6.26","192876860","n/a","Basic Industries","Precious Metals","http://quotes.nasdaq.com/asp/SummaryQuote.asp?symbol=SHZ&selected=SHZ",
"KUN","China Shenghuo Pharmaceutical Holdings, Inc","0.87","17120730","2007","Consumer Durables","Major Pharmaceuticals","http://quotes.nasdaq.com/asp/SummaryQuote.asp?symbol=KUN&selected=KUN",
"CRC","Chromcraft Revington, Inc.","1.7","10453300","1992","Consumer Durables","Home Furnishings","http://quotes.nasdaq.com/asp/SummaryQuote.asp?symbol=CRC&selected=CRC",
"MBA","CIBT Education Group Inc.","0.29","20075540","1992","Consumer Services","Other Consumer Services","http://quotes.nasdaq.com/asp/SummaryQuote.asp?symbol=MBA&selected=MBA",
"ILB","Citigroup Inc.","12.4","0","n/a","n/a","n/a","http://quotes.nasdaq.com/asp/SummaryQuote.asp?symbol=ILB&selected=ILB",
"CKX","CKX Lands, Inc.","13.7122","26629092.4","n/a","Energy","Oil & Gas Production","http://quotes.nasdaq.com/asp/SummaryQuote.asp?symbol=CKX&selected=CKX",
"GLA","Clark Holdings Inc","0.42","5053440","n/a","Consumer Services","Transportation Services","http://quotes.nasdaq.com/asp/SummaryQuote.asp?symbol=GLA&selected=GLA",
"CGR","Claude Resources, Inc.","2.35","326445550","n/a","Basic Industries","Precious Metals","http://quotes.nasdaq.com/asp/SummaryQuote.asp?symbol=CGR&selected=CGR",
"GLV","Clough Global Allocation Fund","15.68","163620800","2004","n/a","n/a","http://quotes.nasdaq.com/asp/SummaryQuote.asp?symbol=GLV&selected=GLV",
"GLQ","Clough Global Equity Fund","14.88","265474080","2005","n/a","n/a","http://quotes.nasdaq.com/asp/SummaryQuote.asp?symbol=GLQ&selected=GLQ",
"GLO","Clough Global Opportunities Fund","13.39","692758430","1988","n/a","n/a","http://quotes.nasdaq.com/asp/SummaryQuote.asp?symbol=GLO&selected=GLO",
"CRV","Coast Distribution System, Inc. (The)","4.1","18622200","n/a","Capital Goods","Automotive Aftermarket","http://quotes.nasdaq.com/asp/SummaryQuote.asp?symbol=CRV&selected=CRV",
"MOC","Command Security Corporation","1.809","19678302","n/a","Consumer Services","Diversified Commercial Services","http://quotes.nasdaq.com/asp/SummaryQuote.asp?symbol=MOC&selected=MOC",
"BTC","Community Bankers Trust Corporation.","1.1","23614800","n/a","Finance","Major Banks","http://quotes.nasdaq.com/asp/SummaryQuote.asp?symbol=BTC&selected=BTC",
"BTC/U","Community Bankers Trust Corporation.","1.22","9150000","n/a","n/a","n/a","http://quotes.nasdaq.com/asp/SummaryQuote.asp?symbol=BTC/U&selected=BTC/U",
"BTC/WS","Community Bankers Trust Corporation.","0.0111","0","n/a","n/a","n/a","http://quotes.nasdaq.com/asp/SummaryQuote.asp?symbol=BTC/WS&selected=BTC/WS",
"CIX","CompX International Inc.","14.75","35031250","1998","Capital Goods","Industrial Machinery/Components","http://quotes.nasdaq.com/asp/SummaryQuote.asp?symbol=CIX&selected=CIX",
"CONM","Conmed Healthcare Management, Inc.","3.21","41222820","n/a","Health Care","Hospital/Nursing Management","http://quotes.nasdaq.com/asp/SummaryQuote.asp?symbol=CONM&selected=CONM",
"CTO","Consolidated-Tomoka Land Co.","32.34","185502240","n/a","Finance","Real Estate","http://quotes.nasdaq.com/asp/SummaryQuote.asp?symbol=CTO&selected=CTO",
"MCF","Contango Oil & Gas Company","60.27","944129550","1990","Energy","Oil & Gas Production","http://quotes.nasdaq.com/asp/SummaryQuote.asp?symbol=MCF&selected=MCF",
"CUO","Continental Materials Corporation","16.97","27135030","n/a","Capital Goods","Building Materials","http://quotes.nasdaq.com/asp/SummaryQuote.asp?symbol=CUO&selected=CUO",
"CMT","Core Molding Technologies Inc","8.13","57739260","1992","Consumer Non-Durables","Plastic Products","http://quotes.nasdaq.com/asp/SummaryQuote.asp?symbol=CMT&selected=CMT",
"CRMD","CorMedix Inc","1.84","20990720","n/a","Consumer Durables","Major Pharmaceuticals","http://quotes.nasdaq.com/asp/SummaryQuote.asp?symbol=CRMD&selected=CRMD",
"CRMD/WS","CorMedix Inc","0.5101","0","n/a","n/a","n/a","http://quotes.nasdaq.com/asp/SummaryQuote.asp?symbol=CRMD/WS&selected=CRMD/WS",
"CFP","Cornerstone Progressive Return Fund","7.52","70229280","n/a","n/a","n/a","http://quotes.nasdaq.com/asp/SummaryQuote.asp?symbol=CFP&selected=CFP",
"CRF","Cornerstone Strategic Return Fund, Inc. (The)","9.373","26375622","1994","n/a","n/a","http://quotes.nasdaq.com/asp/SummaryQuote.asp?symbol=CRF&selected=CRF",
"CLM","Cornerstone Strategic Value Fund, Inc.","10.4","71843200","1987","n/a","n/a","http://quotes.nasdaq.com/asp/SummaryQuote.asp?symbol=CLM&selected=CLM",
"CVU","CPI Aerostructures, Inc.","13.8","93771000","n/a","Capital Goods","Military/Government/Technical","http://quotes.nasdaq.com/asp/SummaryQuote.asp?symbol=CVU&selected=CVU",
"CIK","Credit Suisse Asset Management Income Fund, Inc.","3.63","181278570","n/a","n/a","n/a","http://quotes.nasdaq.com/asp/SummaryQuote.asp?symbol=CIK&selected=CIK",
"DHY","Credit Suisse High Yield Bond Fund","3.1","172976900","1998","n/a","n/a","http://quotes.nasdaq.com/asp/SummaryQuote.asp?symbol=DHY&selected=DHY",
"CXZ","Crosshair Exploration & Mining Corp","1.08","35498520","n/a","Basic Industries","Mining & Quarrying of Nonmetallic Minerals (No Fuels)","http://quotes.nasdaq.com/asp/SummaryQuote.asp?symbol=CXZ&selected=CXZ",
"CRVP","Crystal Rock Holdings, Inc.","0.77","16469530","n/a","Consumer Non-Durables","Food Distributors","http://quotes.nasdaq.com/asp/SummaryQuote.asp?symbol=CRVP&selected=CRVP",
"KRY","Crystallex International Corporation","0.14","51074520","n/a","Basic Industries","Precious Metals","http://quotes.nasdaq.com/asp/SummaryQuote.asp?symbol=KRY&selected=KRY",
"CTP","CTPartners Executive Search Inc.","13.82","99186140","2010","Technology","Diversified Commercial Services","http://quotes.nasdaq.com/asp/SummaryQuote.asp?symbol=CTP&selected=CTP",
"QBC","Cubic Energy Inc","0.65","49011300","n/a","Energy","Oil & Gas Production","http://quotes.nasdaq.com/asp/SummaryQuote.asp?symbol=QBC&selected=QBC",
"ATC","Cycle Country Accessories Corporation","0.3697","2342788.9","1986","Capital Goods","Auto Parts:O.E.M.","http://quotes.nasdaq.com/asp/SummaryQuote.asp?symbol=ATC&selected=ATC",
"DXR","Daxor Corporation","10.11","42724860","n/a","Health Care","Medical/Dental Instruments","http://quotes.nasdaq.com/asp/SummaryQuote.asp?symbol=DXR&selected=DXR",
"DEJ","Dejour Energy Inc.","0.4146","39714948.6","n/a","Basic Industries","Mining & Quarrying of Nonmetallic Minerals (No Fuels)","http://quotes.nasdaq.com/asp/SummaryQuote.asp?symbol=DEJ&selected=DEJ",
"VAZ","Delaware Investments Arizona Municipal Income Fund, Inc.","12.75","38020500","1993","n/a","n/a","http://quotes.nasdaq.com/asp/SummaryQuote.asp?symbol=VAZ&selected=VAZ",
"VCF","Delaware Investments Colorado Municipal Income Fund, Inc","12.22","59108140","1993","n/a","n/a","http://quotes.nasdaq.com/asp/SummaryQuote.asp?symbol=VCF&selected=VCF",
"VFL","Delaware Investments Florida Insured Municipal Income Fund","12","29064000","1993","n/a","n/a","http://quotes.nasdaq.com/asp/SummaryQuote.asp?symbol=VFL&selected=VFL",
"VMM","Delaware Investments Minnesota Municipal Income Fund II, Inc.","12.4922","143722761","1993","n/a","n/a","http://quotes.nasdaq.com/asp/SummaryQuote.asp?symbol=VMM&selected=VMM",
"DLA","Delta Apparel, Inc.","14.41","122441770","n/a","Consumer Non-Durables","Apparel","http://quotes.nasdaq.com/asp/SummaryQuote.asp?symbol=DLA&selected=DLA",
"DGSE","DGSE Companies, Inc.","5.2104","51239073.6","n/a","Consumer Services","Consumer Specialties","http://quotes.nasdaq.com/asp/SummaryQuote.asp?symbol=DGSE&selected=DGSE",
"DPW","Digital Power Corporation","1.64","10986360","n/a","Capital Goods","Industrial Machinery/Components","http://quotes.nasdaq.com/asp/SummaryQuote.asp?symbol=DPW&selected=DPW",
"DMC","Document Security Systems, Inc.","3.43","66881570","1994","Technology","EDP Services","http://quotes.nasdaq.com/asp/SummaryQuote.asp?symbol=DMC&selected=DMC",
"DRJ","Dreams, Inc.","2.2","98142000","n/a","Consumer Services","Recreational Products/Toys","http://quotes.nasdaq.com/asp/SummaryQuote.asp?symbol=DRJ&selected=DRJ",
"DMF","Dreyfus Municipal Income, Inc.","8.51","175263450","1988","n/a","n/a","http://quotes.nasdaq.com/asp/SummaryQuote.asp?symbol=DMF&selected=DMF",
"GRF","Eagle Capital Growth Fund, Inc.","6.905","20542375","n/a","n/a","n/a","http://quotes.nasdaq.com/asp/SummaryQuote.asp?symbol=GRF&selected=GRF",
"EML","Eastern Company (The)","18.95","116807800","n/a","Capital Goods","Industrial Machinery/Components","http://quotes.nasdaq.com/asp/SummaryQuote.asp?symbol=EML&selected=EML",
"ELC","Eastern Light Capital, Incorporated","4.2","1478400","n/a","Consumer Services","Real Estate Investment Trusts","http://quotes.nasdaq.com/asp/SummaryQuote.asp?symbol=ELC&selected=ELC",
"EVM","Eaton Vance California Municipal Bond Fund","10.49","227423200","2002","n/a","n/a","http://quotes.nasdaq.com/asp/SummaryQuote.asp?symbol=EVM&selected=EVM",
"EIA","Eaton Vance California Municipal Bond Fund II","10.55","40786300","2002","n/a","n/a","http://quotes.nasdaq.com/asp/SummaryQuote.asp?symbol=EIA&selected=EIA",
"CEV","Eaton Vance California Municipal Income Trust","11","79046000","1999","n/a","n/a","http://quotes.nasdaq.com/asp/SummaryQuote.asp?symbol=CEV&selected=CEV",
"EVV","Eaton Vance Limited Duration Income Fund","15.96","1794909480","2003","n/a","n/a","http://quotes.nasdaq.com/asp/SummaryQuote.asp?symbol=EVV&selected=EVV",
"MAB","Eaton Vance Massachusetts Municipal Bond Fund","12.62","22185960","2002","n/a","n/a","http://quotes.nasdaq.com/asp/SummaryQuote.asp?symbol=MAB&selected=MAB",
"MMV","Eaton Vance Massachusetts Municipal Income Trust","12.7901","34776281.9","1999","n/a","n/a","http://quotes.nasdaq.com/asp/SummaryQuote.asp?symbol=MMV&selected=MMV",
"MIW","Eaton Vance Michigan Municipal Bond Fund","14.02","21198240","2002","n/a","n/a","http://quotes.nasdaq.com/asp/SummaryQuote.asp?symbol=MIW&selected=MIW",
"EMI","Eaton Vance Michigan Municipal Income Trust","11.46","24249360","1999","n/a","n/a","http://quotes.nasdaq.com/asp/SummaryQuote.asp?symbol=EMI&selected=EMI",
"EIM","Eaton Vance Municipal Bond Fund","11.43","774622530","2002","n/a","n/a","http://quotes.nasdaq.com/asp/SummaryQuote.asp?symbol=EIM&selected=EIM",
"EIV","Eaton Vance Municipal Bond Fund II","12.53","124648440","2002","n/a","n/a","http://quotes.nasdaq.com/asp/SummaryQuote.asp?symbol=EIV&selected=EIV",
"EMJ","Eaton Vance New Jersey Municipal Bond Fund","13.2","33963600","2002","n/a","n/a","http://quotes.nasdaq.com/asp/SummaryQuote.asp?symbol=EMJ&selected=EMJ",
"EVJ","Eaton Vance New Jersey Municipal Income Trust","12.12","56042880","1999","n/a","n/a","http://quotes.nasdaq.com/asp/SummaryQuote.asp?symbol=EVJ&selected=EVJ",
"ENX","Eaton Vance New York Municipal Bond Fund","11.8099","186277552.7","2002","n/a","n/a","http://quotes.nasdaq.com/asp/SummaryQuote.asp?symbol=ENX&selected=ENX",
"NYH","Eaton Vance New York Municipal Bond Fund II","12.2001","31207855.8","2002","n/a","n/a","http://quotes.nasdaq.com/asp/SummaryQuote.asp?symbol=NYH&selected=NYH",
"EVY","Eaton Vance New York Municipal Income Trust","12.1","65206900","1999","n/a","n/a","http://quotes.nasdaq.com/asp/SummaryQuote.asp?symbol=EVY&selected=EVY",
"EIO","Eaton Vance Ohio Municipal Bond Fund","10.9301","27521991.8","2002","n/a","n/a","http://quotes.nasdaq.com/asp/SummaryQuote.asp?symbol=EIO&selected=EIO",
"EVO","Eaton Vance Ohio Municipal Income Trust","13.3","37625700","1999","n/a","n/a","http://quotes.nasdaq.com/asp/SummaryQuote.asp?symbol=EVO&selected=EVO",
"EIP","Eaton Vance Pennsylvania Municipal Bond Fund","12.52","36871400","2002","n/a","n/a","http://quotes.nasdaq.com/asp/SummaryQuote.asp?symbol=EIP&selected=EIP",
"EVP","Eaton Vance Pennsylvania Municipal Income Trust","12.28","33254240","1999","n/a","n/a","http://quotes.nasdaq.com/asp/SummaryQuote.asp?symbol=EVP&selected=EVP",
"ELLI","Ellie Mae, Inc.","6.77","0","n/a","n/a","n/a","http://quotes.nasdaq.com/asp/SummaryQuote.asp?symbol=ELLI&selected=ELLI",
"ECF","Ellsworth Convertible Growth and Income Fund, Inc.","7.5601","100383007.8","1986","n/a","n/a","http://quotes.nasdaq.com/asp/SummaryQuote.asp?symbol=ECF&selected=ECF",
"EMAN","eMagin Corporation","8.06","173620460","n/a","Technology","Semiconductors","http://quotes.nasdaq.com/asp/SummaryQuote.asp?symbol=EMAN&selected=EMAN",
"MSN","Emerson Radio Corporation","2.44","66197200","n/a","Consumer Non-Durables","Consumer Electronics/Appliances","http://quotes.nasdaq.com/asp/SummaryQuote.asp?symbol=MSN&selected=MSN",
"FEN","Energy Income and Growth Fund","29.543","192472645","2004","n/a","n/a","http://quotes.nasdaq.com/asp/SummaryQuote.asp?symbol=FEN&selected=FEN",
"ESA","Energy Services Acquisition Corp","3.6","43531200","n/a","Public Utilities","Water Supply","http://quotes.nasdaq.com/asp/SummaryQuote.asp?symbol=ESA&selected=ESA",
"ESA/U","Energy Services Acquisition Corp","4.4899","0","n/a","n/a","n/a","http://quotes.nasdaq.com/asp/SummaryQuote.asp?symbol=ESA/U&selected=ESA/U",
"ESA/WS","Energy Services Acquisition Corp","0.37","0","n/a","n/a","n/a","http://quotes.nasdaq.com/asp/SummaryQuote.asp?symbol=ESA/WS&selected=ESA/WS",
"EGX","Engex, Inc.","3.5301","5175126.6","n/a","n/a","n/a","http://quotes.nasdaq.com/asp/SummaryQuote.asp?symbol=EGX&selected=EGX",
"ENA","Enova Systems Inc.","1.04","32660160","n/a","Capital Goods","Electrical Products","http://quotes.nasdaq.com/asp/SummaryQuote.asp?symbol=ENA&selected=ENA",
"EGT","Entertainment Gaming Asia Incorporated","0.29","33815740","n/a","Consumer Durables","Miscellaneous manufacturing industries","http://quotes.nasdaq.com/asp/SummaryQuote.asp?symbol=EGT&selected=EGT",
"EGI","Entree Gold Inc","2.8","320194000","n/a","Basic Industries","Precious Metals","http://quotes.nasdaq.com/asp/SummaryQuote.asp?symbol=EGI&selected=EGI",
"EVI","EnviroStarm, Inc.","1.33","9355220","n/a","Consumer Services","Other Consumer Services","http://quotes.nasdaq.com/asp/SummaryQuote.asp?symbol=EVI&selected=EVI",
"ESP","Espey Mfg. & Electronics Corp.","24.6","57219600","n/a","Capital Goods","Industrial Machinery/Components","http://quotes.nasdaq.com/asp/SummaryQuote.asp?symbol=ESP&selected=ESP",
"EVBN","Evans Bancorp, Inc.","14.1","57612600","n/a","Finance","Major Banks","http://quotes.nasdaq.com/asp/SummaryQuote.asp?symbol=EVBN&selected=EVBN",
"EVK","Ever-Glory International Group, Inc.","1.7901","26412925.5","n/a","Consumer Non-Durables","Apparel","http://quotes.nasdaq.com/asp/SummaryQuote.asp?symbol=EVK&selected=EVK",
"EPM","Evolution Petroleum Corporation, Inc.","7.92","217839600","n/a","Energy","Oil & Gas Production","http://quotes.nasdaq.com/asp/SummaryQuote.asp?symbol=EPM&selected=EPM",
"XRA","Exeter Resource Corporation","5.38","464337040","n/a","Basic Industries","Mining & Quarrying of Nonmetallic Minerals (No Fuels)","http://quotes.nasdaq.com/asp/SummaryQuote.asp?symbol=XRA&selected=XRA",
"XPO","Express-1 Expedited Solutions, Inc.","2.16","71299440","n/a","Consumer Services","Transportation Services","http://quotes.nasdaq.com/asp/SummaryQuote.asp?symbol=XPO&selected=XPO",
"XG","Extorre Gold Mines Ltd.","7.29","0","n/a","Basic Industries","Precious Metals","http://quotes.nasdaq.com/asp/SummaryQuote.asp?symbol=XG&selected=XG",
"FPP","FieldPoint Petroleum Corporation","4.33","38580300","n/a","Energy","Oil & Gas Production","http://quotes.nasdaq.com/asp/SummaryQuote.asp?symbol=FPP&selected=FPP",
"MXN","First American Minnesota Municipal Income Fund II, Inc.","14.2","20916600","2002","n/a","n/a","http://quotes.nasdaq.com/asp/SummaryQuote.asp?symbol=MXN&selected=MXN",
"FNV/U","First Class Navigation Corporation","n/a","0","n/a","n/a","n/a","http://quotes.nasdaq.com/asp/SummaryQuote.asp?symbol=FNV/U&selected=FNV/U",
"FWV","First West Virginia Bancorp, Inc.","16.64","27505920","n/a","Finance","Major Banks","http://quotes.nasdaq.com/asp/SummaryQuote.asp?symbol=FWV&selected=FWV",
"BDL","Flanigan's Enterprises, Inc.","8.07","15018270","n/a","Consumer Services","Restaurants","http://quotes.nasdaq.com/asp/SummaryQuote.asp?symbol=BDL&selected=BDL",
"FSI","Flexible Solutions International Inc.","1.83","24101100","1998","Basic Industries","Major Chemicals","http://quotes.nasdaq.com/asp/SummaryQuote.asp?symbol=FSI&selected=FSI",
"FFI","Fortune Diversified Industries, Inc.","0.63","7708680","1983","Consumer Services","Telecommunications Equipment","http://quotes.nasdaq.com/asp/SummaryQuote.asp?symbol=FFI&selected=FFI",
"FSP","Franklin Street Properties Corp.","13.69","1114872530","n/a","Consumer Services","Real Estate Investment Trusts","http://quotes.nasdaq.com/asp/SummaryQuote.asp?symbol=FSP&selected=FSP",
"FTF","Franklin Templeton Limited Duration Income Trust","13.15","352078100","2003","n/a","n/a","http://quotes.nasdaq.com/asp/SummaryQuote.asp?symbol=FTF&selected=FTF",
"FOH","Frederick's of Hollywood Group","0.8","30901600","n/a","Consumer Non-Durables","Apparel","http://quotes.nasdaq.com/asp/SummaryQuote.asp?symbol=FOH&selected=FOH",
"FRD","Friedman Industries Inc.","10","67990000","1972","Capital Goods","Steel/Iron Ore","http://quotes.nasdaq.com/asp/SummaryQuote.asp?symbol=FRD&selected=FRD",
"FRS","Frisch's Restaurants, Inc.","23.02","113672760","n/a","Consumer Services","Restaurants","http://quotes.nasdaq.com/asp/SummaryQuote.asp?symbol=FRS&selected=FRS",
"FLL","Full House Resorts, Inc.","3.99","71851920","n/a","Consumer Services","Services-Misc. Amusement & Recreation","http://quotes.nasdaq.com/asp/SummaryQuote.asp?symbol=FLL&selected=FLL",
"GLU","Gabelli Global Utility","20.15","61457500","2004","n/a","n/a","http://quotes.nasdaq.com/asp/SummaryQuote.asp?symbol=GLU&selected=GLU",
"EGAS","Gas Natural Inc.","11.75","95774250","n/a","Public Utilities","Oil/Gas Transmission","http://quotes.nasdaq.com/asp/SummaryQuote.asp?symbol=EGAS&selected=EGAS",
"GSX","GASCO ENERGY INC","0.424","53826376","n/a","Energy","Oil & Gas Production","http://quotes.nasdaq.com/asp/SummaryQuote.asp?symbol=GSX&selected=GSX",
"GST","Gastar Exploration","4.6","295223400","n/a","Energy","Oil & Gas Production","http://quotes.nasdaq.com/asp/SummaryQuote.asp?symbol=GST&selected=GST",
"JOB","General Employment Enterprises, Inc.","0.46","9401020","n/a","Technology","Diversified Commercial Services","http://quotes.nasdaq.com/asp/SummaryQuote.asp?symbol=JOB&selected=JOB",
"GMO","General Moly, Inc","5.27","477409300","n/a","Basic Industries","Precious Metals","http://quotes.nasdaq.com/asp/SummaryQuote.asp?symbol=GMO&selected=GMO",
"GGR","GeoGlobal Resources Inc.","0.489","40463283","n/a","Energy","Oil & Gas Production","http://quotes.nasdaq.com/asp/SummaryQuote.asp?symbol=GGR&selected=GGR",
"GOK","Geokinetics, Inc.","8.27","147239080","n/a","Energy","Oil & Gas Production","http://quotes.nasdaq.com/asp/SummaryQuote.asp?symbol=GOK&selected=GOK",
"GPR","GeoPetro Resources Co","0.67","27577870","n/a","Energy","Oil & Gas Production","http://quotes.nasdaq.com/asp/SummaryQuote.asp?symbol=GPR&selected=GPR",
"GSB","GlobalSCAPE, Inc.","2.47","44319210","n/a","Technology","Computer Software: Prepackaged Software","http://quotes.nasdaq.com/asp/SummaryQuote.asp?symbol=GSB&selected=GSB",
"GRZ","Gold Reserve Inc","1.74","102593880","n/a","Basic Industries","Precious Metals","http://quotes.nasdaq.com/asp/SummaryQuote.asp?symbol=GRZ&selected=GRZ",
"GORO","Gold Resource Corporation","28.85","1528992300","n/a","Basic Industries","Precious Metals","http://quotes.nasdaq.com/asp/SummaryQuote.asp?symbol=GORO&selected=GORO",
"AUMN","Golden Minerals Co.","22.945","349658855","n/a","Basic Industries","Precious Metals","http://quotes.nasdaq.com/asp/SummaryQuote.asp?symbol=AUMN&selected=AUMN",
"GSS","Golden Star Resources, Ltd","3.02","780848180","n/a","Basic Industries","Precious Metals","http://quotes.nasdaq.com/asp/SummaryQuote.asp?symbol=GSS&selected=GSS",
"GV","Goldfield Corporation (The)","0.3801","9673925.1","n/a","Public Utilities","Water Supply","http://quotes.nasdaq.com/asp/SummaryQuote.asp?symbol=GV&selected=GV",
"PTX","Golf Trust of America, Inc.","11.42","259096960","1993","Consumer Durables","Major Pharmaceuticals","http://quotes.nasdaq.com/asp/SummaryQuote.asp?symbol=PTX&selected=PTX",
"GRC","Gorman-Rupp Company (The)","38.33","643522370","n/a","Capital Goods","Fluid Controls","http://quotes.nasdaq.com/asp/SummaryQuote.asp?symbol=GRC&selected=GRC",
"GHM","Graham Corporation","25.04","246393600","n/a","Technology","Industrial Machinery/Components","http://quotes.nasdaq.com/asp/SummaryQuote.asp?symbol=GHM&selected=GHM",
"GTE","Gran Tierra Energy Inc.","7.36","1772714880","n/a","Energy","Oil & Gas Production","http://quotes.nasdaq.com/asp/SummaryQuote.asp?symbol=GTE&selected=GTE",
"GBG","Great Basin Gold, Ltd.","2.55","1055738250","n/a","Basic Industries","Precious Metals","http://quotes.nasdaq.com/asp/SummaryQuote.asp?symbol=GBG&selected=GBG",
"GPL","Great Panther Silver Limited","4.08","508057920","n/a","Basic Industries","Precious Metals","http://quotes.nasdaq.com/asp/SummaryQuote.asp?symbol=GPL&selected=GPL",
"GRH","GreenHunter Energy Inc","0.9028","19966324.8","n/a","Basic Industries","Major Chemicals","http://quotes.nasdaq.com/asp/SummaryQuote.asp?symbol=GRH&selected=GRH",
"SIM","Grupo Simec, S.A. de C.V.","8.47","35243670","1993","Basic Industries","Steel/Iron Ore","http://quotes.nasdaq.com/asp/SummaryQuote.asp?symbol=SIM&selected=SIM",
"GVP","GSE Systems, Inc.","2.4","46137600","n/a","Technology","Computer Software: Prepackaged Software","http://quotes.nasdaq.com/asp/SummaryQuote.asp?symbol=GVP&selected=GVP",
"HWG","Hallwood Group Incorporated","22.5501","34388902.5","n/a","Basic Industries","Textiles","http://quotes.nasdaq.com/asp/SummaryQuote.asp?symbol=HWG&selected=HWG",
"EAR","HearUSA, Inc.","0.39","17552340","n/a","Consumer Services","Other Specialty Stores","http://quotes.nasdaq.com/asp/SummaryQuote.asp?symbol=EAR&selected=EAR",
"HBP","Helix Biopherma Cp","3.2","0","n/a","Consumer Durables","Major Pharmaceuticals","http://quotes.nasdaq.com/asp/SummaryQuote.asp?symbol=HBP&selected=HBP",
"HEB","Hemispherx BioPharma, Inc.","0.4781","64659200.2","n/a","Health Care","Biotechnology: Biological Products (No Diagnostic Substances)","http://quotes.nasdaq.com/asp/SummaryQuote.asp?symbol=HEB&selected=HEB",
"HNB","Herald National Bank","2.24","0","n/a","n/a","n/a","http://quotes.nasdaq.com/asp/SummaryQuote.asp?symbol=HNB&selected=HNB",
"HLM^","Hillman Group Capital Trust","29.7","125274600","n/a","n/a","n/a","http://quotes.nasdaq.com/asp/SummaryQuote.asp?symbol=HLM^&selected=HLM^",
"HKN","HKN, Inc.","2.84","28473840","n/a","Energy","Oil & Gas Production","http://quotes.nasdaq.com/asp/SummaryQuote.asp?symbol=HKN&selected=HKN",
"HMG","HMG/Courtland Properties, Inc.","5.1","5151000","n/a","Consumer Services","Real Estate Investment Trusts","http://quotes.nasdaq.com/asp/SummaryQuote.asp?symbol=HMG&selected=HMG",
"HH","Hooper Holmes, Inc.","0.74","51496600","n/a","Health Care","Hospital/Nursing Management","http://quotes.nasdaq.com/asp/SummaryQuote.asp?symbol=HH&selected=HH",
"HUSA","Houston American Energy Corporation","14.74","458605620","n/a","Energy","Oil & Gas Production","http://quotes.nasdaq.com/asp/SummaryQuote.asp?symbol=HUSA&selected=HUSA",
"HQS","HQ Sustainable Maritime Industries, Inc.","2.78","49748100","n/a","n/a","n/a","http://quotes.nasdaq.com/asp/SummaryQuote.asp?symbol=HQS&selected=HQS",
"HDY","HyperDynamics Corporation","4.28","539421240","n/a","Energy","Oil & Gas Production","http://quotes.nasdaq.com/asp/SummaryQuote.asp?symbol=HDY&selected=HDY",
"IBIO","iBio, Inc.","3.4","110030800","n/a","Consumer Durables","Major Pharmaceuticals","http://quotes.nasdaq.com/asp/SummaryQuote.asp?symbol=IBIO&selected=IBIO",
"IBO","IBO (Listing Market - NYSE Amex Network B F)","n/a","0","n/a","n/a","n/a","http://quotes.nasdaq.com/asp/SummaryQuote.asp?symbol=IBO&selected=IBO",
"IEC","IEC Electronics Corp.","8.5","80894500","n/a","Technology","Electrical Products","http://quotes.nasdaq.com/asp/SummaryQuote.asp?symbol=IEC&selected=IEC",
"IG","IGI Laboratories, Inc.","1.3","53816100","n/a","Health Care","Biotechnology: Biological Products (No Diagnostic Substances)","http://quotes.nasdaq.com/asp/SummaryQuote.asp?symbol=IG&selected=IG",
"IIG","iMergent Inc","7.38","78611760","n/a","Technology","EDP Services","http://quotes.nasdaq.com/asp/SummaryQuote.asp?symbol=IIG&selected=IIG",
"IMH","Impac Mortgage Holdings, Inc.","3.58","27884620","1995","Consumer Services","Real Estate Investment Trusts","http://quotes.nasdaq.com/asp/SummaryQuote.asp?symbol=IMH&selected=IMH",
"IMO","Imperial Oil Limited","51.73","43846761840","n/a","Energy","Integrated oil Companies","http://quotes.nasdaq.com/asp/SummaryQuote.asp?symbol=IMO&selected=IMO",
"IOT","Income Opportunity Realty Trust","3.12","13004160","n/a","Consumer Services","Real Estate Investment Trusts","http://quotes.nasdaq.com/asp/SummaryQuote.asp?symbol=IOT&selected=IOT",
"IGC","India Globalization Capital Inc.","0.56","7741440","1987","Basic Industries","Military/Government/Technical","http://quotes.nasdaq.com/asp/SummaryQuote.asp?symbol=IGC&selected=IGC",
"IGC/U","India Globalization Capital Inc.","0.56","0","n/a","n/a","n/a","http://quotes.nasdaq.com/asp/SummaryQuote.asp?symbol=IGC/U&selected=IGC/U",
"IGC/WS","India Globalization Capital Inc.","0.018","0","n/a","n/a","n/a","http://quotes.nasdaq.com/asp/SummaryQuote.asp?symbol=IGC/WS&selected=IGC/WS",
"INFU","InfuSystems Holdings, Inc.","2.74","57830440","1992","Health Care","Medical/Dental Instruments","http://quotes.nasdaq.com/asp/SummaryQuote.asp?symbol=INFU&selected=INFU",
"INV","Innovaro Inc","2.24","32950400","1997","Consumer Services","Professional Services","http://quotes.nasdaq.com/asp/SummaryQuote.asp?symbol=INV&selected=INV",
"IHT","InnSuites Hospitality Trust","1.78","15233240","n/a","Consumer Services","Real Estate Investment Trusts","http://quotes.nasdaq.com/asp/SummaryQuote.asp?symbol=IHT&selected=IHT",
"INO","Inovio Pharmaceuticals, Inc.","1.04","132344160","n/a","Health Care","Medical/Dental Instruments","http://quotes.nasdaq.com/asp/SummaryQuote.asp?symbol=INO&selected=INO",
"IFMI","Institutional Financial Markets, Inc.","4.45","54739450","n/a","Finance","Investment Bankers/Brokers/Service","http://quotes.nasdaq.com/asp/SummaryQuote.asp?symbol=IFMI&selected=IFMI",
"IDN","Intellicheck Mobilisia, Inc.","1.12","30270240","1999","Technology","Computer Software: Prepackaged Software","http://quotes.nasdaq.com/asp/SummaryQuote.asp?symbol=IDN&selected=IDN",
"INS","Intelligent Systems Corporation","1.81","16213980","1992","Capital Goods","Metal Fabrications","http://quotes.nasdaq.com/asp/SummaryQuote.asp?symbol=INS&selected=INS",
"THM","International Tower Hill Mines Ltd","10.17","672420060","1984","Basic Industries","Precious Metals","http://quotes.nasdaq.com/asp/SummaryQuote.asp?symbol=THM&selected=THM",
"DNN","Intl Uranium Corp","2.38","871558380","n/a","Basic Industries","Precious Metals","http://quotes.nasdaq.com/asp/SummaryQuote.asp?symbol=DNN&selected=DNN",
"INUV","Inuvo, Inc","2.19","18847140","n/a","Consumer Services","Advertising","http://quotes.nasdaq.com/asp/SummaryQuote.asp?symbol=INUV&selected=INUV",
"VKI","Invesco Van Kampen Advantage Municipal Income Trust II","11.03","487371580","n/a","n/a","n/a","http://quotes.nasdaq.com/asp/SummaryQuote.asp?symbol=VKI&selected=VKI",
"VMV","Invesco Van Kampen Massachusetts Value Municipal Income Trust","11.8099","31898539.9","n/a","n/a","n/a","http://quotes.nasdaq.com/asp/SummaryQuote.asp?symbol=VMV&selected=VMV",
"VKL","Invesco Van Kampen Select Sector Municipal Trust","10.929","166022439","1993","n/a","n/a","http://quotes.nasdaq.com/asp/SummaryQuote.asp?symbol=VKL&selected=VKL",
"ICH","Investors Capital Holdings, Ltd.","5.9501","39359911.5","1997","Finance","Finance/Investors Services","http://quotes.nasdaq.com/asp/SummaryQuote.asp?symbol=ICH&selected=ICH",
"IPT","iParty Corporation","0.25","6099500","n/a","Consumer Services","Other Specialty Stores","http://quotes.nasdaq.com/asp/SummaryQuote.asp?symbol=IPT&selected=IPT",
"ISR","IsoRay, Inc.","1.12","28913920","n/a","Health Care","Medical/Dental Instruments","http://quotes.nasdaq.com/asp/SummaryQuote.asp?symbol=ISR&selected=ISR",
"ITI","Iteris, Inc.","1.42","48759960","n/a","Consumer Durables","Telecommunications Equipment","http://quotes.nasdaq.com/asp/SummaryQuote.asp?symbol=ITI&selected=ITI",
"IVD","IVAX Diagnostics, Inc.","0.7252","20051780","n/a","Consumer Durables","Major Pharmaceuticals","http://quotes.nasdaq.com/asp/SummaryQuote.asp?symbol=IVD&selected=IVD",
"KGN","Keegan Resources Inc","9.26","417135220","n/a","Basic Industries","Mining & Quarrying of Nonmetallic Minerals (No Fuels)","http://quotes.nasdaq.com/asp/SummaryQuote.asp?symbol=KGN&selected=KGN",
"KBX","Kimber Resources Inc","1.78","121059580","n/a","Basic Industries","Mining & Quarrying of Nonmetallic Minerals (No Fuels)","http://quotes.nasdaq.com/asp/SummaryQuote.asp?symbol=KBX&selected=KBX",
"KXM","Kobex Minerals Inc.","0.9899","45592814.2","n/a","Basic Industries","Precious Metals","http://quotes.nasdaq.com/asp/SummaryQuote.asp?symbol=KXM&selected=KXM",
"KOG","Kodiak Oil & Gas Corp.","6.48","1156991040","n/a","Energy","Oil & Gas Production","http://quotes.nasdaq.com/asp/SummaryQuote.asp?symbol=KOG&selected=KOG",
"LB","LaBarge, Inc.","19.05","301485300","n/a","Capital Goods","Industrial Machinery/Components","http://quotes.nasdaq.com/asp/SummaryQuote.asp?symbol=LB&selected=LB",
"LTS","Ladenburg Thalmann Financial Services Inc","1.22","223987120","n/a","Finance","Investment Bankers/Brokers/Service","http://quotes.nasdaq.com/asp/SummaryQuote.asp?symbol=LTS&selected=LTS",
"LCI","Lannett Co Inc","5.56","157792800","n/a","Consumer Durables","Major Pharmaceuticals","http://quotes.nasdaq.com/asp/SummaryQuote.asp?symbol=LCI&selected=LCI",
"LAQ","Latin America Equity Fund, Inc. (The)","39.02","239933980","1991","n/a","n/a","http://quotes.nasdaq.com/asp/SummaryQuote.asp?symbol=LAQ&selected=LAQ",
"LGL","LGL Group, Inc. (The)","13.039","34123063","n/a","Capital Goods","Industrial Machinery/Components","http://quotes.nasdaq.com/asp/SummaryQuote.asp?symbol=LGL&selected=LGL",
"LBY","Libbey, Inc.","16.13","319874030","1993","Capital Goods","Industrial Machinery/Components","http://quotes.nasdaq.com/asp/SummaryQuote.asp?symbol=LBY&selected=LBY",
"LPH","Longwei Petroleum Investment Holding Limited","1.64","164293560","1973","Energy","Oil Refining/Marketing","http://quotes.nasdaq.com/asp/SummaryQuote.asp?symbol=LPH&selected=LPH",
"LEI","Lucas Energy, Inc.","3.45","57301050","n/a","Energy","Oil & Gas Production","http://quotes.nasdaq.com/asp/SummaryQuote.asp?symbol=LEI&selected=LEI",
"MCZ","Mad Catz Interactive Inc","2.13","118677210","n/a","Consumer Non-Durables","Recreational Products/Toys","http://quotes.nasdaq.com/asp/SummaryQuote.asp?symbol=MCZ&selected=MCZ",
"MVG","Mag Silver Corporation","13.18","727035160","n/a","Basic Industries","Precious Metals","http://quotes.nasdaq.com/asp/SummaryQuote.asp?symbol=MVG&selected=MVG",
"MHR^C","Magnum Hunter Resources Corporation","25.9","0","n/a","n/a","n/a","http://quotes.nasdaq.com/asp/SummaryQuote.asp?symbol=MHR^C&selected=MHR^C",
"MHR^D","Magnum Hunter Resources Corporation","49.97","0","n/a","n/a","n/a","http://quotes.nasdaq.com/asp/SummaryQuote.asp?symbol=MHR^D&selected=MHR^D",
"MHE","Massachusetts Health and Education Tax-Exempt Trust","13.44","31503360","1993","n/a","n/a","http://quotes.nasdaq.com/asp/SummaryQuote.asp?symbol=MHE&selected=MHE",
"MHH","Mastech Holdings, Inc","4.64","17112320","n/a","Consumer Services","Professional Services","http://quotes.nasdaq.com/asp/SummaryQuote.asp?symbol=MHH&selected=MHH",
"MDGN","Medgenics, Inc.","4.2","0","n/a","Health Care","Biotechnology: Biological Products (No Diagnostic Substances)","http://quotes.nasdaq.com/asp/SummaryQuote.asp?symbol=MDGN&selected=MDGN",
"MDGN/WS","Medgenics, Inc.","0.85","0","n/a","n/a","n/a","http://quotes.nasdaq.com/asp/SummaryQuote.asp?symbol=MDGN/WS&selected=MDGN/WS",
"MBR","Mercantile Bancorp, Inc. (Quincey, IL)","0.8999","7831829.7","n/a","Finance","Major Banks","http://quotes.nasdaq.com/asp/SummaryQuote.asp?symbol=MBR&selected=MBR",
"IPB","Merrill Lynch & Co., Inc.","22.89","34335000","n/a","Finance","Finance: Consumer Services","http://quotes.nasdaq.com/asp/SummaryQuote.asp?symbol=IPB&selected=IPB",
"MEA","Metalico Inc","5.59","264792710","n/a","Basic Industries","Metal Fabrications","http://quotes.nasdaq.com/asp/SummaryQuote.asp?symbol=MEA&selected=MEA",
"MMG","Metalline Mining Company","1.12","118889120","n/a","Basic Industries","Precious Metals","http://quotes.nasdaq.com/asp/SummaryQuote.asp?symbol=MMG&selected=MMG",
"MDF","Metropolitan Health Networks, Inc.","3.92","159740000","n/a","Health Care","Medical/Nursing Services","http://quotes.nasdaq.com/asp/SummaryQuote.asp?symbol=MDF&selected=MDF",
"MXC","Mexco Energy Corporation","12.61","24715600","1972","Energy","Oil & Gas Production","http://quotes.nasdaq.com/asp/SummaryQuote.asp?symbol=MXC&selected=MXC",
"CCA","MFS California Insured Municipal Trust","9.96","27698760","1984","n/a","n/a","http://quotes.nasdaq.com/asp/SummaryQuote.asp?symbol=CCA&selected=CCA",
"MGT","MGT Capital Investments Inc","0.25","9762750","n/a","Technology","Computer Software: Prepackaged Software","http://quotes.nasdaq.com/asp/SummaryQuote.asp?symbol=MGT&selected=MGT",
"MSL","MidSouth Bancorp","14.15","137679500","n/a","Finance","Major Banks","http://quotes.nasdaq.com/asp/SummaryQuote.asp?symbol=MSL&selected=MSL",
"MDW","Midway Gold Corporation","2.07","210425850","n/a","Basic Industries","Precious Metals","http://quotes.nasdaq.com/asp/SummaryQuote.asp?symbol=MDW&selected=MDW",
"MGH","Minco Gold Corporation","2.57","123766060","n/a","Basic Industries","Precious Metals","http://quotes.nasdaq.com/asp/SummaryQuote.asp?symbol=MGH&selected=MGH",
"MFN","MineFinders Corp. Ltd.","15.6","1243398000","n/a","Basic Industries","Precious Metals","http://quotes.nasdaq.com/asp/SummaryQuote.asp?symbol=MFN&selected=MFN",
"MGN","Mines Management, Inc.","2.71","76598150","1985","Basic Industries","Precious Metals","http://quotes.nasdaq.com/asp/SummaryQuote.asp?symbol=MGN&selected=MGN",
"MXA","Minnesota Municipal Income Portfolio Inc.","14.47","60007090","1993","n/a","n/a","http://quotes.nasdaq.com/asp/SummaryQuote.asp?symbol=MXA&selected=MXA",
"MDM","Mountain Province Diamonds Inc.","6.31","496262570","n/a","Basic Industries","Precious Metals","http://quotes.nasdaq.com/asp/SummaryQuote.asp?symbol=MDM&selected=MDM",
"MVF","MuniVest Fund, Inc.","8.9","550687500","1993","n/a","n/a","http://quotes.nasdaq.com/asp/SummaryQuote.asp?symbol=MVF&selected=MVF",
"MZA","MuniYield Arizona Fund, Inc.","12.59","57271910","1993","n/a","n/a","http://quotes.nasdaq.com/asp/SummaryQuote.asp?symbol=MZA&selected=MZA",
"NHC","National HealthCare Corporation","46.72","644969600","n/a","Health Care","Hospital/Nursing Management","http://quotes.nasdaq.com/asp/SummaryQuote.asp?symbol=NHC&selected=NHC",
"NHC^A","National HealthCare Corporation","14.72","159579520","n/a","n/a","n/a","http://quotes.nasdaq.com/asp/SummaryQuote.asp?symbol=NHC^A&selected=NHC^A",
"NEOP","Neoprobe Corporation","4.03","355349280","1992","Health Care","Medical/Dental Instruments","http://quotes.nasdaq.com/asp/SummaryQuote.asp?symbol=NEOP&selected=NEOP",
"NBS","Neostem, Inc.","2.01","157913640","n/a","Health Care","Hospital/Nursing Management","http://quotes.nasdaq.com/asp/SummaryQuote.asp?symbol=NBS&selected=NBS",
"NBS/WS","Neostem, Inc.","0.2","0","n/a","n/a","n/a","http://quotes.nasdaq.com/asp/SummaryQuote.asp?symbol=NBS/WS&selected=NBS/WS",
"NBW","Neuberger Berman California Intermediate Municipal Fund Inc.","13.61","92534390","2002","n/a","n/a","http://quotes.nasdaq.com/asp/SummaryQuote.asp?symbol=NBW&selected=NBW",
"NDD/WD","Neuberger Berman Dividend Advantage","n/a","0","n/a","n/a","n/a","http://quotes.nasdaq.com/asp/SummaryQuote.asp?symbol=NDD/WD&selected=NDD/WD",
"NHS","Neuberger Berman High Yield Strategies Fund","14.33","175614150","n/a","n/a","n/a","http://quotes.nasdaq.com/asp/SummaryQuote.asp?symbol=NHS&selected=NHS",
"NBH","Neuberger Berman Intermediate Municipal Fund Inc.","13.6769","283180214.5","2002","n/a","n/a","http://quotes.nasdaq.com/asp/SummaryQuote.asp?symbol=NBH&selected=NBH",
"NBH/WD","Neuberger Berman Intermediate Municipal Fund Inc.","n/a","0","n/a","n/a","n/a","http://quotes.nasdaq.com/asp/SummaryQuote.asp?symbol=NBH/WD&selected=NBH/WD",
"NBO","Neuberger Berman New York Intermediate Municipal Fund Inc.","13.19","73626580","2002","n/a","n/a","http://quotes.nasdaq.com/asp/SummaryQuote.asp?symbol=NBO&selected=NBO",
"NRO","Neuberger Berman Real Estate Securities Income Fund, Inc.","4.16","299782080","2003","n/a","n/a","http://quotes.nasdaq.com/asp/SummaryQuote.asp?symbol=NRO&selected=NRO",
"CUR","Neuralstem, Inc.","1.75","84640500","1973","Health Care","Biotechnology: Biological Products (No Diagnostic Substances)","http://quotes.nasdaq.com/asp/SummaryQuote.asp?symbol=CUR&selected=CUR",
"UWN","Nevada Gold & Casinos, Inc.","1.56","19911840","n/a","Consumer Services","Services-Misc. Amusement & Recreation","http://quotes.nasdaq.com/asp/SummaryQuote.asp?symbol=UWN&selected=UWN",
"NSU","Nevsun Resources Ltd","6.33","1243769040","n/a","Basic Industries","Precious Metals","http://quotes.nasdaq.com/asp/SummaryQuote.asp?symbol=NSU&selected=NSU",
"GBR","New Concept Energy, Inc","3.28","6386160","n/a","Energy","Oil & Gas Production","http://quotes.nasdaq.com/asp/SummaryQuote.asp?symbol=GBR&selected=GBR",
"NWD","New Dragon Asia Corporation","0.04","4000000","n/a","Consumer Non-Durables","Packaged Foods","http://quotes.nasdaq.com/asp/SummaryQuote.asp?symbol=NWD&selected=NWD",
"NEWN","New Energy Systems Group.","3.94","56326240","n/a","Energy","Industrial Machinery/Components","http://quotes.nasdaq.com/asp/SummaryQuote.asp?symbol=NEWN&selected=NEWN",
"NEN","New England Realty Associates Limited Partnership","67","7035000","n/a","Consumer Services","Building operators","http://quotes.nasdaq.com/asp/SummaryQuote.asp?symbol=NEN&selected=NEN",
"NGD","NEW GOLD INC.","10.65","4249797300","n/a","Basic Industries","Precious Metals","http://quotes.nasdaq.com/asp/SummaryQuote.asp?symbol=NGD&selected=NGD",
"NIV","NIVS IntelliMedia Technology Group, Inc","2.2099","106008903","2009","Consumer Non-Durables","Consumer Electronics/Appliances","http://quotes.nasdaq.com/asp/SummaryQuote.asp?symbol=NIV&selected=NIV",
"PAL","North American Palladium, Ltd.","5.87","907813110","2000","Basic Industries","Precious Metals","http://quotes.nasdaq.com/asp/SummaryQuote.asp?symbol=PAL&selected=PAL",
"NAK","Northern Dynasty Minerals, Ltd.","14.58","1373100660","n/a","Basic Industries","Precious Metals","http://quotes.nasdaq.com/asp/SummaryQuote.asp?symbol=NAK&selected=NAK",
"NOG","Northern Oil and Gas, Inc.","23.36","1474086080","n/a","Energy","Oil & Gas Production","http://quotes.nasdaq.com/asp/SummaryQuote.asp?symbol=NOG&selected=NOG",
"NXG","Northgate Minerals Corporation","2.88","840548160","n/a","Basic Industries","Precious Metals","http://quotes.nasdaq.com/asp/SummaryQuote.asp?symbol=NXG&selected=NXG",
"NBY","NovaBay Pharmaceuticals, Inc.","2.35","55084000","2007","Consumer Durables","Major Pharmaceuticals","http://quotes.nasdaq.com/asp/SummaryQuote.asp?symbol=NBY&selected=NBY",
"NG","Novagold Resources Inc New","13.27","3096408530","n/a","Basic Industries","Precious Metals","http://quotes.nasdaq.com/asp/SummaryQuote.asp?symbol=NG&selected=NG",
"NTN","NTN Buzztime, Inc.","0.48","29220000","n/a","Consumer Services","Broadcasting","http://quotes.nasdaq.com/asp/SummaryQuote.asp?symbol=NTN&selected=NTN",
"NLP","NTS Realty Holdings Limited Partnership","3.33","37898730","n/a","Consumer Services","Real Estate Investment Trusts","http://quotes.nasdaq.com/asp/SummaryQuote.asp?symbol=NLP&selected=NLP",
"NFZ","Nuveen Arizona Dividend Advantage Municipal Fund","12.39","19216890","2001","n/a","n/a","http://quotes.nasdaq.com/asp/SummaryQuote.asp?symbol=NFZ&selected=NFZ",
"NFZ^C","Nuveen Arizona Dividend Advantage Municipal Fund","9.63","0","n/a","n/a","n/a","http://quotes.nasdaq.com/asp/SummaryQuote.asp?symbol=NFZ^C&selected=NFZ^C",
"NKR","Nuveen Arizona Dividend Advantage Municipal Fund 2","12.31","30036400","2002","n/a","n/a","http://quotes.nasdaq.com/asp/SummaryQuote.asp?symbol=NKR&selected=NKR",
"NXE","Nuveen Arizona Dividend Advantage Municipal Fund 3","12.11","37153480","2002","n/a","n/a","http://quotes.nasdaq.com/asp/SummaryQuote.asp?symbol=NXE&selected=NXE",
"NVX","Nuveen California Dividend Advantage Municipal Fund 2","12.81","189318990","2001","n/a","n/a","http://quotes.nasdaq.com/asp/SummaryQuote.asp?symbol=NVX&selected=NVX",
"NZH","Nuveen California Dividend Advantage Municipal Fund 3","11.62","280262780","n/a","n/a","n/a","http://quotes.nasdaq.com/asp/SummaryQuote.asp?symbol=NZH&selected=NZH",
"NCB","Nuveen California Municipal Value Fund 2","13.57","0","n/a","n/a","n/a","http://quotes.nasdaq.com/asp/SummaryQuote.asp?symbol=NCB&selected=NCB",
"NCU","Nuveen California Premium Income Municipal Fund","12.11","69753600","1993","n/a","n/a","http://quotes.nasdaq.com/asp/SummaryQuote.asp?symbol=NCU&selected=NCU",
"NFC","Nuveen Connecticut Dividend Advantage Municipal Fund","13.19","34043390","2001","n/a","n/a","http://quotes.nasdaq.com/asp/SummaryQuote.asp?symbol=NFC&selected=NFC",
"NGK","Nuveen Connecticut Dividend Advantage Municipal Fund 2","13.777","31921309","2002","n/a","n/a","http://quotes.nasdaq.com/asp/SummaryQuote.asp?symbol=NGK&selected=NGK",
"NGO","Nuveen Connecticut Dividend Advantage Municipal Fund 3","12.59","54967940","2002","n/a","n/a","http://quotes.nasdaq.com/asp/SummaryQuote.asp?symbol=NGO&selected=NGO",
"CFD","Nuveen Diversified Commodity Fund","28.11","260495370","1998","Finance","Investment Bankers/Brokers/Service","http://quotes.nasdaq.com/asp/SummaryQuote.asp?symbol=CFD&selected=CFD",
"NXZ","Nuveen Dividend Advantage Municipal Fund 2","12.86","378546960","2001","n/a","n/a","http://quotes.nasdaq.com/asp/SummaryQuote.asp?symbol=NXZ&selected=NXZ",
"NZF","Nuveen Dividend Advantage Municipal Fund 3","13.01","525317780","2007","n/a","n/a","http://quotes.nasdaq.com/asp/SummaryQuote.asp?symbol=NZF&selected=NZF",
"NZX","Nuveen Georgia Dividend Advantage Municipal Fund","14.4301","28412866.9","n/a","n/a","n/a","http://quotes.nasdaq.com/asp/SummaryQuote.asp?symbol=NZX&selected=NZX",
"NZX^C","Nuveen Georgia Dividend Advantage Municipal Fund","9.9","0","n/a","n/a","n/a","http://quotes.nasdaq.com/asp/SummaryQuote.asp?symbol=NZX^C&selected=NZX^C",
"NKG","Nuveen Georgia Dividend Advantage Municipal Fund 2","12.6","57393000","2002","n/a","n/a","http://quotes.nasdaq.com/asp/SummaryQuote.asp?symbol=NKG&selected=NKG",
"NPG","Nuveen Georgia Premium Income Municipal Fund","13","49478000","1993","n/a","n/a","http://quotes.nasdaq.com/asp/SummaryQuote.asp?symbol=NPG&selected=NPG",
"NKL","Nuveen Insured California Dividend Advantage Municipal Fund","13.016","198715272","2002","n/a","n/a","http://quotes.nasdaq.com/asp/SummaryQuote.asp?symbol=NKL&selected=NKL",
"NKX","Nuveen Insured California Tax-Free Advantage Municipal Fund","11.56","68053720","2002","n/a","n/a","http://quotes.nasdaq.com/asp/SummaryQuote.asp?symbol=NKX&selected=NKX",
"NVG","Nuveen Insured Dividend Advantage Municipal Fund","13.21","393697630","2002","n/a","n/a","http://quotes.nasdaq.com/asp/SummaryQuote.asp?symbol=NVG&selected=NVG",
"NGX","Nuveen Insured Massachusetts Tax-Free Advantage Municipal Fund","13.09","35657160","2002","n/a","n/a","http://quotes.nasdaq.com/asp/SummaryQuote.asp?symbol=NGX&selected=NGX",
"NKO","Nuveen Insured New York Dividend Advantage Municipal Fund","13.35","105958950","2002","n/a","n/a","http://quotes.nasdaq.com/asp/SummaryQuote.asp?symbol=NKO&selected=NKO",
"NRK","Nuveen Insured New York Tax-Free Advantage Municipal Fund","12.98","45520860","2002","n/a","n/a","http://quotes.nasdaq.com/asp/SummaryQuote.asp?symbol=NRK&selected=NRK",
"NEA","Nuveen Insured Tax-Free Advantage Municipal Fund","13.12","242798720","2002","n/a","n/a","http://quotes.nasdaq.com/asp/SummaryQuote.asp?symbol=NEA&selected=NEA",
"NFM","Nuveen Maryland Dividend Advantage Municipal Fund","13.12","54972800","2001","n/a","n/a","http://quotes.nasdaq.com/asp/SummaryQuote.asp?symbol=NFM&selected=NFM",
"NZR","Nuveen Maryland Dividend Advantage Municipal Fund 2","13.1","54954500","n/a","n/a","n/a","http://quotes.nasdaq.com/asp/SummaryQuote.asp?symbol=NZR&selected=NZR",
"NWI","Nuveen Maryland Dividend Advantage Municipal Fund 3","13","69732000","2002","n/a","n/a","http://quotes.nasdaq.com/asp/SummaryQuote.asp?symbol=NWI&selected=NWI",
"NMB","Nuveen Massachusetts Dividend Advantage Municipal Fund","12.92","25349040","2001","n/a","n/a","http://quotes.nasdaq.com/asp/SummaryQuote.asp?symbol=NMB&selected=NMB",
"NMB^C","Nuveen Massachusetts Dividend Advantage Municipal Fund","9.98","0","n/a","n/a","n/a","http://quotes.nasdaq.com/asp/SummaryQuote.asp?symbol=NMB^C&selected=NMB^C",
"NZW","Nuveen Michigan Dividend Advantage Municipal Fund","12.17","25155390","n/a","n/a","n/a","http://quotes.nasdaq.com/asp/SummaryQuote.asp?symbol=NZW&selected=NZW",
"NZW^C","Nuveen Michigan Dividend Advantage Municipal Fund","9.76","0","n/a","n/a","n/a","http://quotes.nasdaq.com/asp/SummaryQuote.asp?symbol=NZW^C&selected=NZW^C",
"NOM","Nuveen Missouri Premium Income Municipal Fund","14.6","33726000","1993","n/a","n/a","http://quotes.nasdaq.com/asp/SummaryQuote.asp?symbol=NOM&selected=NOM",
"NMZ","Nuveen Municipal High Income Opportunity Fund","11.68","283064800","2003","n/a","n/a","http://quotes.nasdaq.com/asp/SummaryQuote.asp?symbol=NMZ&selected=NMZ",
"NXJ","Nuveen New Jersey Dividend Advantage Municipal Fund","12.4139","81559323","2001","n/a","n/a","http://quotes.nasdaq.com/asp/SummaryQuote.asp?symbol=NXJ&selected=NXJ",
"NUJ","Nuveen New Jersey Dividend Advantage Municipal Fund 2","12.37","55912400","1991","n/a","n/a","http://quotes.nasdaq.com/asp/SummaryQuote.asp?symbol=NUJ&selected=NUJ",
"NJV","Nuveen New Jersey Municipal Value Fund","13.5901","19868726.2","n/a","n/a","n/a","http://quotes.nasdaq.com/asp/SummaryQuote.asp?symbol=NJV&selected=NJV",
"NXK","Nuveen New York Dividend Advantage Municipal Fund 2","12.6468","82065085.2","2001","n/a","n/a","http://quotes.nasdaq.com/asp/SummaryQuote.asp?symbol=NXK&selected=NXK",
"NYV","Nuveen New York Municipal Value Fund 2","13.92","0","2009","n/a","n/a","http://quotes.nasdaq.com/asp/SummaryQuote.asp?symbol=NYV&selected=NYV",
"NRB","Nuveen North Carolina Dividend Advantage Municipal Fund","14.68","33250200","2001","n/a","n/a","http://quotes.nasdaq.com/asp/SummaryQuote.asp?symbol=NRB&selected=NRB",
"NNO","Nuveen North Carolina Dividend Advantage Municipal Fund 2","14.28","53550000","2001","n/a","n/a","http://quotes.nasdaq.com/asp/SummaryQuote.asp?symbol=NNO&selected=NNO",
"NII","Nuveen North Carolina Dividend Advantage Municipal Fund 3","13.899","54664767","2002","n/a","n/a","http://quotes.nasdaq.com/asp/SummaryQuote.asp?symbol=NII&selected=NII",
"NXI","Nuveen Ohio Dividend Advantage Municipal Fund","13.1499","55795025.7","2001","n/a","n/a","http://quotes.nasdaq.com/asp/SummaryQuote.asp?symbol=NXI&selected=NXI",
"NXI^D","Nuveen Ohio Dividend Advantage Municipal Fund","10.05","0","n/a","n/a","n/a","http://quotes.nasdaq.com/asp/SummaryQuote.asp?symbol=NXI^D&selected=NXI^D",
"NBJ","Nuveen Ohio Dividend Advantage Municipal Fund 2","12.78","39886380","n/a","n/a","n/a","http://quotes.nasdaq.com/asp/SummaryQuote.asp?symbol=NBJ&selected=NBJ",
"NBJ^A","Nuveen Ohio Dividend Advantage Municipal Fund 2","10","0","n/a","n/a","n/a","http://quotes.nasdaq.com/asp/SummaryQuote.asp?symbol=NBJ^A&selected=NBJ^A",
"NVJ","Nuveen Ohio Dividend Advantage Municipal Fund 3","13.51","29141070","2002","n/a","n/a","http://quotes.nasdaq.com/asp/SummaryQuote.asp?symbol=NVJ&selected=NVJ",
"NXM","Nuveen Pennsylvania Dividend Advantage Municipal Fund","12.6401","42104173.1","2001","n/a","n/a","http://quotes.nasdaq.com/asp/SummaryQuote.asp?symbol=NXM&selected=NXM",
"NVY","Nuveen Pennsylvania Dividend Advantage Municipal Fund 2","12.74","47469240","1993","n/a","n/a","http://quotes.nasdaq.com/asp/SummaryQuote.asp?symbol=NVY&selected=NVY",
"NPN","Nuveen Pennsylvania Municipal Value Fund","13.95","15442650","1992","n/a","n/a","http://quotes.nasdaq.com/asp/SummaryQuote.asp?symbol=NPN&selected=NPN",
"JRS","Nuveen Real Estate Fund","11.2","317553600","2001","n/a","n/a","http://quotes.nasdaq.com/asp/SummaryQuote.asp?symbol=JRS&selected=JRS",
"JFP","Nuveen Tax-Advantaged Floating Rate Fund","2.365","32868770","n/a","n/a","n/a","http://quotes.nasdaq.com/asp/SummaryQuote.asp?symbol=JFP&selected=JFP",
"NGB","Nuveen Virginia Dividend Advantage Municipal Fund","13.21","41426560","2001","n/a","n/a","http://quotes.nasdaq.com/asp/SummaryQuote.asp?symbol=NGB&selected=NGB",
"NNB","Nuveen Virginia Dividend Advantage Municipal Fund 2","13.63","78249830","2001","n/a","n/a","http://quotes.nasdaq.com/asp/SummaryQuote.asp?symbol=NNB&selected=NNB",
"BQI","Oilsands Quest Inc","0.46","160147160","n/a","Basic Industries","Precious Metals","http://quotes.nasdaq.com/asp/SummaryQuote.asp?symbol=BQI&selected=BQI",
"BQI/WS/A","Oilsands Quest Inc","0.0189","0","n/a","n/a","n/a","http://quotes.nasdaq.com/asp/SummaryQuote.asp?symbol=BQI/WS/A&selected=BQI/WS/A",
"OPK","Opko Health Inc","3.74","955944000","n/a","Health Care","Medical/Dental Instruments","http://quotes.nasdaq.com/asp/SummaryQuote.asp?symbol=OPK&selected=OPK",
"TIS","Orchids Paper Products Company","11.979","89722710","1988","Basic Industries","Paper","http://quotes.nasdaq.com/asp/SummaryQuote.asp?symbol=TIS&selected=TIS",
"ONP","Orient Paper, Inc.","3.83","70261350","n/a","Consumer Durables","Containers/Packaging","http://quotes.nasdaq.com/asp/SummaryQuote.asp?symbol=ONP&selected=ONP",
"OESX","Orion Energy Systems, Inc.","3.9","88994100","2007","Consumer Durables","Building Products","http://quotes.nasdaq.com/asp/SummaryQuote.asp?symbol=OESX&selected=OESX",
"ORS","Orsus Xelent Technolgies, Inc.","0.135","340335","n/a","Public Utilities","Telecommunications Equipment","http://quotes.nasdaq.com/asp/SummaryQuote.asp?symbol=ORS&selected=ORS",
"OFI","Overhill Farms, Inc.","6.16","97469680","n/a","Consumer Non-Durables","Packaged Foods","http://quotes.nasdaq.com/asp/SummaryQuote.asp?symbol=OFI&selected=OFI",
"PHF","Pacholder High Yield Fund, Inc.","8.94","115781940","1988","n/a","n/a","http://quotes.nasdaq.com/asp/SummaryQuote.asp?symbol=PHF&selected=PHF",
"PBM","Pacific Booker Minerals Inc","7.98","93366000","n/a","Basic Industries","Precious Metals","http://quotes.nasdaq.com/asp/SummaryQuote.asp?symbol=PBM&selected=PBM",
"PET^A","Pacific Enterprises","80","16000000","n/a","n/a","n/a","http://quotes.nasdaq.com/asp/SummaryQuote.asp?symbol=PET^A&selected=PET^A",
"PET^B","Pacific Enterprises","80","8000000","n/a","n/a","n/a","http://quotes.nasdaq.com/asp/SummaryQuote.asp?symbol=PET^B&selected=PET^B",
"PET^C","Pacific Enterprises","82","24600000","n/a","n/a","n/a","http://quotes.nasdaq.com/asp/SummaryQuote.asp?symbol=PET^C&selected=PET^C",
"PET^D","Pacific Enterprises","86","17200000","n/a","n/a","n/a","http://quotes.nasdaq.com/asp/SummaryQuote.asp?symbol=PET^D&selected=PET^D",
"PCG^A","Pacific Gas & Electric Co.","26.58","153765300","n/a","n/a","n/a","http://quotes.nasdaq.com/asp/SummaryQuote.asp?symbol=PCG^A&selected=PCG^A",
"PCG^B","Pacific Gas & Electric Co.","25.03","29360190","n/a","n/a","n/a","http://quotes.nasdaq.com/asp/SummaryQuote.asp?symbol=PCG^B&selected=PCG^B",
"PCG^C","Pacific Gas & Electric Co.","22.97","9188000","n/a","n/a","n/a","http://quotes.nasdaq.com/asp/SummaryQuote.asp?symbol=PCG^C&selected=PCG^C",
"PCG^D","Pacific Gas & Electric Co.","22.3","39649400","n/a","n/a","n/a","http://quotes.nasdaq.com/asp/SummaryQuote.asp?symbol=PCG^D&selected=PCG^D",
"PCG^E","Pacific Gas & Electric Co.","22.2701","27147251.9","n/a","n/a","n/a","http://quotes.nasdaq.com/asp/SummaryQuote.asp?symbol=PCG^E&selected=PCG^E",
"PCG^G","Pacific Gas & Electric Co.","21.2","16811600","n/a","n/a","n/a","http://quotes.nasdaq.com/asp/SummaryQuote.asp?symbol=PCG^G&selected=PCG^G",
"PCG^H","Pacific Gas & Electric Co.","20","12220000","n/a","n/a","n/a","http://quotes.nasdaq.com/asp/SummaryQuote.asp?symbol=PCG^H&selected=PCG^H",
"PCG^I","Pacific Gas & Electric Co.","20","8360000","n/a","n/a","n/a","http://quotes.nasdaq.com/asp/SummaryQuote.asp?symbol=PCG^I&selected=PCG^I",
"PCE","Pacific Office Properties Trust, Inc","2.14","8352420","n/a","Consumer Services","Real Estate Investment Trusts","http://quotes.nasdaq.com/asp/SummaryQuote.asp?symbol=PCE&selected=PCE",
"PPW^","PacifiCorp","90.9","11453400","n/a","Public Utilities","Electric Utilities: Central","http://quotes.nasdaq.com/asp/SummaryQuote.asp?symbol=PPW^&selected=PPW^",
"PTN","Palatin Technologies, Inc.","0.927","32353227","1997","Consumer Durables","Major Pharmaceuticals","http://quotes.nasdaq.com/asp/SummaryQuote.asp?symbol=PTN&selected=PTN",
"PZG","Paramount Gold and Silver Corp.","3.21","433741620","n/a","Basic Industries","Precious Metals","http://quotes.nasdaq.com/asp/SummaryQuote.asp?symbol=PZG&selected=PZG",
"PCYG","Park City Group, Inc.","5.4","60809400","n/a","Technology","EDP Services","http://quotes.nasdaq.com/asp/SummaryQuote.asp?symbol=PCYG&selected=PCYG",
"PRK","Park National Corporation","65.61","1010328390","n/a","Finance","Major Banks","http://quotes.nasdaq.com/asp/SummaryQuote.asp?symbol=PRK&selected=PRK",
"PIP","PharmAthene, Inc","3.3","153024300","1973","Consumer Durables","Major Pharmaceuticals","http://quotes.nasdaq.com/asp/SummaryQuote.asp?symbol=PIP&selected=PIP",
"PHC","PHC, Inc.","2.26","42325280","n/a","Health Care","Medical/Nursing Services","http://quotes.nasdaq.com/asp/SummaryQuote.asp?symbol=PHC&selected=PHC",
"PNS","Pinnacle Data Systems, Inc.","1.214","9546896","1981","Technology","EDP Services","http://quotes.nasdaq.com/asp/SummaryQuote.asp?symbol=PNS&selected=PNS",
"HNW","Pioneer Diversified High Income Trust","21.9","178835400","2007","n/a","n/a","http://quotes.nasdaq.com/asp/SummaryQuote.asp?symbol=HNW&selected=HNW",
"PDC","Pioneer Drilling Co","14.95","812637150","1991","Energy","Oil & Gas Production","http://quotes.nasdaq.com/asp/SummaryQuote.asp?symbol=PDC&selected=PDC",
"PW","Pittsburgh & West Virginia Railroad","11.19","16896900","n/a","Consumer Services","Real Estate Investment Trusts","http://quotes.nasdaq.com/asp/SummaryQuote.asp?symbol=PW&selected=PW",
"PLG","Platinum Group Metals Ltd.","2.16","364266720","1989","Basic Industries","Precious Metals","http://quotes.nasdaq.com/asp/SummaryQuote.asp?symbol=PLG&selected=PLG",
"PCC","PMC Commercial Trust","8.6","90816000","1993","Consumer Services","Real Estate Investment Trusts","http://quotes.nasdaq.com/asp/SummaryQuote.asp?symbol=PCC&selected=PCC",
"PLM","Polymet Mining Corp.","2.06","306900860","n/a","Basic Industries","Precious Metals","http://quotes.nasdaq.com/asp/SummaryQuote.asp?symbol=PLM&selected=PLM",
"APTS","Preferred Apartment Communities, Inc.","9.82","0","n/a","Consumer Services","Real Estate Investment Trusts","http://quotes.nasdaq.com/asp/SummaryQuote.asp?symbol=APTS&selected=APTS",
"PDL/B","Presidential Realty Corporation","1.5401","4563316.3","n/a","Consumer Services","Real Estate Investment Trusts","http://quotes.nasdaq.com/asp/SummaryQuote.asp?symbol=PDL/B&selected=PDL/B",
"PKT","Procera Networks, Inc.","9.34","106027680","n/a","Technology","EDP Services","http://quotes.nasdaq.com/asp/SummaryQuote.asp?symbol=PKT&selected=PKT",
"PBTH","PROLOR Biotech, Inc.","5.52","299277840","n/a","Consumer Durables","Major Pharmaceuticals","http://quotes.nasdaq.com/asp/SummaryQuote.asp?symbol=PBTH&selected=PBTH",
"PLX","Protalix BioTherapeutics, Inc.","7.1","577435900","n/a","Health Care","Biotechnology: Biological Products (No Diagnostic Substances)","http://quotes.nasdaq.com/asp/SummaryQuote.asp?symbol=PLX&selected=PLX",
"PUDA","Puda Coal, Inc.","6","180138000","n/a","Energy","Coal Mining","http://quotes.nasdaq.com/asp/SummaryQuote.asp?symbol=PUDA&selected=PUDA",
"PDO","Pyramid Oil Co","6.4","29939200","n/a","Energy","Oil & Gas Production","http://quotes.nasdaq.com/asp/SummaryQuote.asp?symbol=PDO&selected=PDO",
"QMM","Quaterra Resources Inc","1.64","223800960","n/a","Basic Industries","Precious Metals","http://quotes.nasdaq.com/asp/SummaryQuote.asp?symbol=QMM&selected=QMM",
"QPSA","Quepasa Corporation","5.48","84123480","n/a","Consumer Services","Advertising","http://quotes.nasdaq.com/asp/SummaryQuote.asp?symbol=QPSA&selected=QPSA",
"RAE","RAE Systems Inc","1.88","111882560","n/a","Capital Goods","Industrial Machinery/Components","http://quotes.nasdaq.com/asp/SummaryQuote.asp?symbol=RAE&selected=RAE",
"REE","Rare Element Res Ltd","15.62","535766000","1992","Basic Industries","Precious Metals","http://quotes.nasdaq.com/asp/SummaryQuote.asp?symbol=REE&selected=REE",
"UTG","Reaves Utility Income Fund","23.14","525463120","2004","n/a","n/a","http://quotes.nasdaq.com/asp/SummaryQuote.asp?symbol=UTG&selected=UTG",
"RWC","RELM Wireless Corporation","1.53","23422770","n/a","Technology","Radio And Television Broadcasting And Communications Equipment","http://quotes.nasdaq.com/asp/SummaryQuote.asp?symbol=RWC&selected=RWC",
"RCG","Renaissance Capital Growth & Income Fund III, Inc.","2.12","9463680","n/a","n/a","n/a","http://quotes.nasdaq.com/asp/SummaryQuote.asp?symbol=RCG&selected=RCG",
"RTK","Rentech, Inc.","1.18","262237300","1991","Basic Industries","Agricultural Chemicals","http://quotes.nasdaq.com/asp/SummaryQuote.asp?symbol=RTK&selected=RTK",
"RVP","Retractable Technologies, Inc.","1.4201","34045477.4","n/a","Health Care","Medical/Dental Instruments","http://quotes.nasdaq.com/asp/SummaryQuote.asp?symbol=RVP&selected=RVP",
"RNN","Rexahn Pharmaceuticals, Inc.","1.19","103267010","n/a","Consumer Durables","Major Pharmaceuticals","http://quotes.nasdaq.com/asp/SummaryQuote.asp?symbol=RNN&selected=RNN",
"RIC","Richmont Mines, Inc.","8.32","217185280","n/a","Basic Industries","Precious Metals","http://quotes.nasdaq.com/asp/SummaryQuote.asp?symbol=RIC&selected=RIC",
"RAP","RMR Asia Pacific Real Estate Fund","17.76","31168800","2007","n/a","n/a","http://quotes.nasdaq.com/asp/SummaryQuote.asp?symbol=RAP&selected=RAP",
"RIF","RMR Real Estate Income Fund (New)","31.45","0","2002","n/a","n/a","http://quotes.nasdaq.com/asp/SummaryQuote.asp?symbol=RIF&selected=RIF",
"RPI","Roberts Realty Investors, Inc.","1.8","18644400","n/a","Consumer Services","Real Estate Investment Trusts","http://quotes.nasdaq.com/asp/SummaryQuote.asp?symbol=RPI&selected=RPI",
"RBY","Rubicon Minerals Corp","5.23","1120762850","n/a","Basic Industries","Precious Metals","http://quotes.nasdaq.com/asp/SummaryQuote.asp?symbol=RBY&selected=RBY",
"BQY","S&P Quality Rankings Glbl Equ Mngd Tr","13.95","84160350","2004","n/a","n/a","http://quotes.nasdaq.com/asp/SummaryQuote.asp?symbol=BQY&selected=BQY",
"SGA","Saga Communications, Inc.","38.73","141519420","1992","Consumer Services","Broadcasting","http://quotes.nasdaq.com/asp/SummaryQuote.asp?symbol=SGA&selected=SGA",
"SAL","Salisbury Bancorp, Inc.","25.6399","43280151.2","n/a","Finance","Savings Institutions","http://quotes.nasdaq.com/asp/SummaryQuote.asp?symbol=SAL&selected=SAL",
"SSN","Samson Oil & Gas Limited","3.42","158588820","n/a","Energy","Oil & Gas Production","http://quotes.nasdaq.com/asp/SummaryQuote.asp?symbol=SSN&selected=SSN",
"SDO^A","San Diego Gas & Electric Company","21.25","7968750","n/a","n/a","n/a","http://quotes.nasdaq.com/asp/SummaryQuote.asp?symbol=SDO^A&selected=SDO^A",
"SDO^B","San Diego Gas & Electric Company","16.85","5055000","n/a","n/a","n/a","http://quotes.nasdaq.com/asp/SummaryQuote.asp?symbol=SDO^B&selected=SDO^B",
"SDO^C","San Diego Gas & Electric Company","16.99","5521750","n/a","n/a","n/a","http://quotes.nasdaq.com/asp/SummaryQuote.asp?symbol=SDO^C&selected=SDO^C",
"SDO^H","San Diego Gas & Electric Company","28.18","18035200","n/a","n/a","n/a","http://quotes.nasdaq.com/asp/SummaryQuote.asp?symbol=SDO^H&selected=SDO^H",
"SEB","Seaboard Corporation","2284","2777344000","1996","Consumer Non-Durables","Meat/Poultry/Fish","http://quotes.nasdaq.com/asp/SummaryQuote.asp?symbol=SEB&selected=SEB",
"SA","Seabridge Gold, Inc.","33.62","1380269100","1987","Basic Industries","Precious Metals","http://quotes.nasdaq.com/asp/SummaryQuote.asp?symbol=SA&selected=SA",
"IDI","SearchMedia Holdings Limited","2.321","48413739","n/a","Finance","Business Services","http://quotes.nasdaq.com/asp/SummaryQuote.asp?symbol=IDI&selected=IDI",
"IDI/U","SearchMedia Holdings Limited","2.56","0","n/a","n/a","n/a","http://quotes.nasdaq.com/asp/SummaryQuote.asp?symbol=IDI/U&selected=IDI/U",
"IDI/WS","SearchMedia Holdings Limited","0.28","0","n/a","n/a","n/a","http://quotes.nasdaq.com/asp/SummaryQuote.asp?symbol=IDI/WS&selected=IDI/WS",
"SED","SED International Holdings Inc","4.98","24665940","n/a","Technology","Retail: Computer Software & Peripheral Equipment","http://quotes.nasdaq.com/asp/SummaryQuote.asp?symbol=SED&selected=SED",
"SNT","Senesco Technologies Inc","0.272","20336352","n/a","Health Care","Biotechnology: Commercial Physical & Biological Resarch","http://quotes.nasdaq.com/asp/SummaryQuote.asp?symbol=SNT&selected=SNT",
"SVT","Servotronics, Inc.","8.6306","19306652.2","n/a","Capital Goods","Industrial Machinery/Components","http://quotes.nasdaq.com/asp/SummaryQuote.asp?symbol=SVT&selected=SVT",
"SIF","SIFCO Industries, Inc.","16.41","86300190","n/a","Capital Goods","Aerospace","http://quotes.nasdaq.com/asp/SummaryQuote.asp?symbol=SIF&selected=SIF",
"WWZ^K","SiM Internal Test 10","n/a","0","n/a","n/a","n/a","http://quotes.nasdaq.com/asp/SummaryQuote.asp?symbol=WWZ^K&selected=WWZ^K",
"MMZ^K","SiM Internal Test 6","n/a","0","n/a","n/a","n/a","http://quotes.nasdaq.com/asp/SummaryQuote.asp?symbol=MMZ^K&selected=MMZ^K",
"OOZ^K","SiM Internal Test 7","n/a","0","n/a","n/a","n/a","http://quotes.nasdaq.com/asp/SummaryQuote.asp?symbol=OOZ^K&selected=OOZ^K",
"QQZ^K","SiM Internal Test 8","n/a","0","n/a","n/a","n/a","http://quotes.nasdaq.com/asp/SummaryQuote.asp?symbol=QQZ^K&selected=QQZ^K",
"SS^K","SiM Internal Test 9","n/a","0","n/a","n/a","n/a","http://quotes.nasdaq.com/asp/SummaryQuote.asp?symbol=SS^K&selected=SS^K",
"SIHI","SinoHub, Inc","1.69","48313720","n/a","Consumer Non-Durables","Electronic Components","http://quotes.nasdaq.com/asp/SummaryQuote.asp?symbol=SIHI&selected=SIHI",
"SLI","SL Industries, Inc.","20","89800000","n/a","Capital Goods","Industrial Machinery/Components","http://quotes.nasdaq.com/asp/SummaryQuote.asp?symbol=SLI&selected=SLI",
"ZXX","SM Listed Test 3","n/a","0","n/a","n/a","n/a","http://quotes.nasdaq.com/asp/SummaryQuote.asp?symbol=ZXX&selected=ZXX",
"ZXX^F","SM Listed Test 3","n/a","0","n/a","n/a","n/a","http://quotes.nasdaq.com/asp/SummaryQuote.asp?symbol=ZXX^F&selected=ZXX^F",
"XPL","Solitario Exploration & Royalty Corp","3.03","90218250","n/a","Basic Industries","Precious Metals","http://quotes.nasdaq.com/asp/SummaryQuote.asp?symbol=XPL&selected=XPL",
"SOQ","Sonde Resources Corp","3.2","199363200","n/a","Energy","Oil & Gas Production","http://quotes.nasdaq.com/asp/SummaryQuote.asp?symbol=SOQ&selected=SOQ",
"SCE^B","Southern California Edison Company","18.2","18200000","n/a","n/a","n/a","http://quotes.nasdaq.com/asp/SummaryQuote.asp?symbol=SCE^B&selected=SCE^B",
"SCE^C","Southern California Edison Company","18.7","22440000","n/a","n/a","n/a","http://quotes.nasdaq.com/asp/SummaryQuote.asp?symbol=SCE^C&selected=SCE^C",
"SCE^D","Southern California Edison Company","18.68","30878040","n/a","n/a","n/a","http://quotes.nasdaq.com/asp/SummaryQuote.asp?symbol=SCE^D&selected=SCE^D",
"SCE^E","Southern California Edison Company","21.5","27885500","n/a","n/a","n/a","http://quotes.nasdaq.com/asp/SummaryQuote.asp?symbol=SCE^E&selected=SCE^E",
"SSE","Southern Connecticut Bancorp Inc","4.39","11839830","n/a","Finance","Major Banks","http://quotes.nasdaq.com/asp/SummaryQuote.asp?symbol=SSE&selected=SSE",
"SGB","Southwest Georgia Financial Corporation","13.45","34270600","n/a","Finance","Major Banks","http://quotes.nasdaq.com/asp/SummaryQuote.asp?symbol=SGB&selected=SGB",
"LOV","Spark Networks, Inc.","3.22","66290140","n/a","Miscellaneous","Business Services","http://quotes.nasdaq.com/asp/SummaryQuote.asp?symbol=LOV&selected=LOV",
"SILU","Sprott Resource Lending Corp.","1.86","287732700","n/a","Finance","Commercial Banks","http://quotes.nasdaq.com/asp/SummaryQuote.asp?symbol=SILU&selected=SILU",
"SGS","Stream Global Services, Inc","3.01","242265870","n/a","Technology","Professional Services","http://quotes.nasdaq.com/asp/SummaryQuote.asp?symbol=SGS&selected=SGS",
"SGS/U","Stream Global Services, Inc","3.07","95937500","n/a","n/a","n/a","http://quotes.nasdaq.com/asp/SummaryQuote.asp?symbol=SGS/U&selected=SGS/U",
"SGS/WS","Stream Global Services, Inc","0.05","0","n/a","n/a","n/a","http://quotes.nasdaq.com/asp/SummaryQuote.asp?symbol=SGS/WS&selected=SGS/WS",
"SUF","Sulphco, Inc.","0.1087","12505065.4","n/a","Energy","Oilfield Services/Equipment","http://quotes.nasdaq.com/asp/SummaryQuote.asp?symbol=SUF&selected=SUF",
"SSY","SunLink Health Systems, Inc.","2.55","20609100","n/a","Health Care","Hospital/Nursing Management","http://quotes.nasdaq.com/asp/SummaryQuote.asp?symbol=SSY&selected=SSY",
"STS","Supreme Industries, Inc.","2.52","31809960","n/a","Capital Goods","Construction/Ag Equipment/Trucks","http://quotes.nasdaq.com/asp/SummaryQuote.asp?symbol=STS&selected=STS",
"TLB/WS","Talbots, Inc. (The)","0.56","0","n/a","n/a","n/a","http://quotes.nasdaq.com/asp/SummaryQuote.asp?symbol=TLB/WS&selected=TLB/WS",
"TRE","Tanzanian Royalty Exploration Corporation","6.32","578754000","n/a","Basic Industries","Precious Metals","http://quotes.nasdaq.com/asp/SummaryQuote.asp?symbol=TRE&selected=TRE",
"TGB","Taseko Mines Limited","5.52","1034988960","n/a","Basic Industries","Precious Metals","http://quotes.nasdaq.com/asp/SummaryQuote.asp?symbol=TGB&selected=TGB",
"TSH","Teche Holding Company","36","74880000","n/a","Finance","Savings Institutions","http://quotes.nasdaq.com/asp/SummaryQuote.asp?symbol=TSH&selected=TSH",
"TIK","Tel-Instrument Electronics Corp.","7.5","19702500","n/a","Capital Goods","Electrical Products","http://quotes.nasdaq.com/asp/SummaryQuote.asp?symbol=TIK&selected=TIK",
"TGC","Tengasco, Inc.","1.03","62507610","n/a","Energy","Oil & Gas Production","http://quotes.nasdaq.com/asp/SummaryQuote.asp?symbol=TGC&selected=TGC",
"TF","Thai Capital Fund Inc","13.02","41234340","n/a","n/a","n/a","http://quotes.nasdaq.com/asp/SummaryQuote.asp?symbol=TF&selected=TF",
"GGN","The Gabelli Global Goldn Natural Resources & Income Trust","18.85","407160000","2005","n/a","n/a","http://quotes.nasdaq.com/asp/SummaryQuote.asp?symbol=GGN&selected=GGN",
"GGN^A","The Gabelli Global Goldn Natural Resources & Income Trust","25.73","101787880","n/a","n/a","n/a","http://quotes.nasdaq.com/asp/SummaryQuote.asp?symbol=GGN^A&selected=GGN^A",
"TPI","Tianyin Pharmaceutical Co., Inc.","2.35","66399250","1986","Consumer Durables","Major Pharmaceuticals","http://quotes.nasdaq.com/asp/SummaryQuote.asp?symbol=TPI&selected=TPI",
"TBV","Tiens Biotech Group (USA), Inc.","1.35","96300900","n/a","Consumer Durables","Major Pharmaceuticals","http://quotes.nasdaq.com/asp/SummaryQuote.asp?symbol=TBV&selected=TBV",
"TLR","Timberline Resources Corporation","0.975","54411825","1983","Basic Industries","Precious Metals","http://quotes.nasdaq.com/asp/SummaryQuote.asp?symbol=TLR&selected=TLR",
"TOF","Tofutti Brands Inc.","2.552","13211704","n/a","Consumer Non-Durables","Specialty Foods","http://quotes.nasdaq.com/asp/SummaryQuote.asp?symbol=TOF&selected=TOF",
"TMP","Tompkins Financial Corporation","40.4","441289200","n/a","Finance","Major Banks","http://quotes.nasdaq.com/asp/SummaryQuote.asp?symbol=TMP&selected=TMP",
"TAT","Transatlantic Petroleum Ltd","2.94","988848420","n/a","Energy","Oil & Gas Production","http://quotes.nasdaq.com/asp/SummaryQuote.asp?symbol=TAT&selected=TAT",
"TA","TravelCenters of America LLC","7.03","126652480","n/a","Consumer Durables","Automotive Aftermarket","http://quotes.nasdaq.com/asp/SummaryQuote.asp?symbol=TA&selected=TA",
"TPLM","Triangle Petroleum Corporation","8.15","183586900","n/a","Energy","Oil & Gas Production","http://quotes.nasdaq.com/asp/SummaryQuote.asp?symbol=TPLM&selected=TPLM",
"TRT","Trio-Tech International","4.52","14934080","1984","Technology","Industrial Machinery/Components","http://quotes.nasdaq.com/asp/SummaryQuote.asp?symbol=TRT&selected=TRT",
"TIV","Tri-Valley Corporation","0.693","38141334","n/a","Energy","Oil & Gas Production","http://quotes.nasdaq.com/asp/SummaryQuote.asp?symbol=TIV&selected=TIV",
"TCX","Tucows Inc.","0.822","43935078","n/a","Technology","EDP Services","http://quotes.nasdaq.com/asp/SummaryQuote.asp?symbol=TCX&selected=TCX",
"TWO/WS","Two Harbors Investments Corp","0.37","0","n/a","n/a","n/a","http://quotes.nasdaq.com/asp/SummaryQuote.asp?symbol=TWO/WS&selected=TWO/WS",
"HTM","U.S. Geothermal Inc.","1.02","80322960","n/a","Public Utilities","Electric Utilities: Central","http://quotes.nasdaq.com/asp/SummaryQuote.asp?symbol=HTM&selected=HTM",
"ULU","Uluru Inc.","0.0701","6122674.2","n/a","Consumer Durables","Major Pharmaceuticals","http://quotes.nasdaq.com/asp/SummaryQuote.asp?symbol=ULU&selected=ULU",
"UMH","UMH Properties, Inc.","10.35","145107000","n/a","Consumer Services","Real Estate Investment Trusts","http://quotes.nasdaq.com/asp/SummaryQuote.asp?symbol=UMH&selected=UMH",
"AFP","United Capital Corp.","27.2","243576000","1973","Capital Goods","Metal Fabrications","http://quotes.nasdaq.com/asp/SummaryQuote.asp?symbol=AFP&selected=AFP",
"UVE","UNIVERSAL INSURANCE HOLDINGS INC","5.49","221834430","n/a","Finance","Property-Casualty Insurers","http://quotes.nasdaq.com/asp/SummaryQuote.asp?symbol=UVE&selected=UVE",
"UPG","Universal Power Group Inc","3.75","18825000","2006","Consumer Non-Durables","Telecommunications Equipment","http://quotes.nasdaq.com/asp/SummaryQuote.asp?symbol=UPG&selected=UPG",
"UUU","Universal Security Instruments, Inc.","7.75","18507000","n/a","Consumer Non-Durables","Electronic Components","http://quotes.nasdaq.com/asp/SummaryQuote.asp?symbol=UUU&selected=UUU",
"UQM","UQM TECHNOLOGIES INC","2.81","101831590","n/a","Capital Goods","Industrial Machinery/Components","http://quotes.nasdaq.com/asp/SummaryQuote.asp?symbol=UQM&selected=UQM",
"URG","Ur Energy Inc","1.65","170672700","n/a","Basic Industries","Precious Metals","http://quotes.nasdaq.com/asp/SummaryQuote.asp?symbol=URG&selected=URG",
"URZ","Uranerz Energy Corporation","3.13","236937870","n/a","Basic Industries","Precious Metals","http://quotes.nasdaq.com/asp/SummaryQuote.asp?symbol=URZ&selected=URZ",
"UEC","Uranium Energy Corp.","4.09","291625180","n/a","Basic Industries","Precious Metals","http://quotes.nasdaq.com/asp/SummaryQuote.asp?symbol=UEC&selected=UEC",
"VTG","Vantage Drilling Company","1.9","550469900","n/a","Energy","Oil & Gas Production","http://quotes.nasdaq.com/asp/SummaryQuote.asp?symbol=VTG&selected=VTG",
"VTG/U","Vantage Drilling Company","2.25","0","n/a","n/a","n/a","http://quotes.nasdaq.com/asp/SummaryQuote.asp?symbol=VTG/U&selected=VTG/U",
"VTG/WS","Vantage Drilling Company","0.0007","0","n/a","n/a","n/a","http://quotes.nasdaq.com/asp/SummaryQuote.asp?symbol=VTG/WS&selected=VTG/WS",
"VSR","Versar, Inc.","3.09","28770990","1986","Consumer Services","Military/Government/Technical","http://quotes.nasdaq.com/asp/SummaryQuote.asp?symbol=VSR&selected=VSR",
"VII","Vicon Industries, Inc.","4.8201","21598868.1","n/a","Consumer Durables","Telecommunications Equipment","http://quotes.nasdaq.com/asp/SummaryQuote.asp?symbol=VII&selected=VII",
"VHC","VirnetX Holding Corp","22.87","1133162760","n/a","Miscellaneous","Multi-Sector Companies","http://quotes.nasdaq.com/asp/SummaryQuote.asp?symbol=VHC&selected=VHC",
"VGZ","Vista Gold Corporation","3.38","209289600","n/a","Basic Industries","Precious Metals","http://quotes.nasdaq.com/asp/SummaryQuote.asp?symbol=VGZ&selected=VGZ",
"VOG","Voyager Oil & Gas, Inc.","3.85","222699400","n/a","Energy","Oil & Gas Production","http://quotes.nasdaq.com/asp/SummaryQuote.asp?symbol=VOG&selected=VOG",
"VRNG","Vringo, Inc.","1.45","8225850","n/a","Consumer Services","Telecommunications Equipment","http://quotes.nasdaq.com/asp/SummaryQuote.asp?symbol=VRNG&selected=VRNG",
"VRNG/WS","Vringo, Inc.","0.0973","0","n/a","n/a","n/a","http://quotes.nasdaq.com/asp/SummaryQuote.asp?symbol=VRNG/WS&selected=VRNG/WS",
"WAC","Walter Investment Management Corp.","17.86","460823720","1991","Consumer Services","Real Estate Investment Trusts","http://quotes.nasdaq.com/asp/SummaryQuote.asp?symbol=WAC&selected=WAC",
"WSO/B","Watsco, Inc.","69.7","309258900","n/a","Consumer Durables","Industrial Machinery/Components","http://quotes.nasdaq.com/asp/SummaryQuote.asp?symbol=WSO/B&selected=WSO/B",
"EAD","Wells Fargo Advantage Income Opportunities Fund","10.24","708700160","2003","n/a","n/a","http://quotes.nasdaq.com/asp/SummaryQuote.asp?symbol=EAD&selected=EAD",
"ERC","Wells Fargo Advantage Multi-Sector Income Fund","14.85","624516750","2003","n/a","n/a","http://quotes.nasdaq.com/asp/SummaryQuote.asp?symbol=ERC&selected=ERC",
"ERH","Wells Fargo Advantage Utilities and High Income Fund","11.9","107849700","2004","n/a","n/a","http://quotes.nasdaq.com/asp/SummaryQuote.asp?symbol=ERH&selected=ERH",
"WGA","Wells-Gardner Electronics Corporation","2.0101","23184493.4","n/a","Technology","Radio And Television Broadcasting And Communications Equipment","http://quotes.nasdaq.com/asp/SummaryQuote.asp?symbol=WGA&selected=WGA",
"WSC","Wesco Financial Corporation","390.7","2781784000","n/a","Technology","Diversified Commercial Services","http://quotes.nasdaq.com/asp/SummaryQuote.asp?symbol=WSC&selected=WSC",
"SBI","Western Asset Intermediate Muni Fund Inc","9.1641","128599815.3","1992","n/a","n/a","http://quotes.nasdaq.com/asp/SummaryQuote.asp?symbol=SBI&selected=SBI",
"WRN","Western Copper Corp","3.86","353143680","1994","Basic Industries","Precious Metals","http://quotes.nasdaq.com/asp/SummaryQuote.asp?symbol=WRN&selected=WRN",
"WLB","Westmoreland Coal Company","16.06","210369940","n/a","Energy","Coal Mining","http://quotes.nasdaq.com/asp/SummaryQuote.asp?symbol=WLB&selected=WLB",
"WLB^","Westmoreland Coal Company","27.9","4464000","n/a","Energy","Coal Mining","http://quotes.nasdaq.com/asp/SummaryQuote.asp?symbol=WLB^&selected=WLB^",
"RVR","White River Capital, Inc.","17.89","64636570","1984","Finance","Finance: Consumer Services","http://quotes.nasdaq.com/asp/SummaryQuote.asp?symbol=RVR&selected=RVR",
"WSR","Whitestone REIT","14.05","30910000","2010","Consumer Services","Real Estate Investment Trusts","http://quotes.nasdaq.com/asp/SummaryQuote.asp?symbol=WSR&selected=WSR",
"WYY","WidePoint Corporation","1.15","72075100","n/a","Technology","EDP Services","http://quotes.nasdaq.com/asp/SummaryQuote.asp?symbol=WYY&selected=WYY",
"WEX","Winland Electronics, Inc.","0.74","2737260","n/a","Capital Goods","Industrial Machinery/Components","http://quotes.nasdaq.com/asp/SummaryQuote.asp?symbol=WEX&selected=WEX",
"WTT","Wireless Telecom Group,  Inc.","0.91","22718150","n/a","Capital Goods","Electrical Products","http://quotes.nasdaq.com/asp/SummaryQuote.asp?symbol=WTT&selected=WTT",
"WIS^","Wisconsin Power & Light Co.","88.5","8850000","n/a","Public Utilities","Power Generation","http://quotes.nasdaq.com/asp/SummaryQuote.asp?symbol=WIS^&selected=WIS^",
"WZE","WIZZARD SOFTWARE CORPORATION","0.19","17057440","n/a","Technology","Computer Software: Prepackaged Software","http://quotes.nasdaq.com/asp/SummaryQuote.asp?symbol=WZE&selected=WZE",
"XFN","Xfone, Inc.","1.3501","28512761.9","n/a","Consumer Services","Telecommunications Equipment","http://quotes.nasdaq.com/asp/SummaryQuote.asp?symbol=XFN&selected=XFN",
"YMI","YM BioSciences, Inc.","2.74","220186400","n/a","Consumer Durables","Major Pharmaceuticals","http://quotes.nasdaq.com/asp/SummaryQuote.asp?symbol=YMI&selected=YMI",
"ZBB","ZBB Energy Corporation","1.26","33051060","2007","Public Utilities","Electric Utilities: Central","http://quotes.nasdaq.com/asp/SummaryQuote.asp?symbol=ZBB&selected=ZBB",
